{"logTime": "0917/150504", "level": "INFO", "message": "UserPrefStore loaded: error=NONE (0)"}
{"logTime": "0917/150533", "level": "INFO", "message": "UserPrefStore loaded: error=NONE (0)"}
{"logTime": "0917/152153", "level": "INFO", "message": "UserPrefStore loaded: error=NONE (0)"}
{"logTime": "0917/152240", "level": "INFO", "message": "UserPrefStore loaded: error=NONE (0)"}
{"logTime": "0917/152449", "level": "INFO", "message": "UserPrefStore loaded: error=NONE (0)"}
{"logTime": "0917/152623", "level": "INFO", "message": "UserPrefStore loaded: error=NONE (0)"}
{"logTime": "0917/152702", "level": "INFO", "message": "UserPrefStore loaded: error=NONE (0)"}
{"logTime": "0917/152935", "level": "INFO", "message": "UserPrefStore loaded: error=NONE (0)"}
{"logTime": "0917/153108", "level": "INFO", "message": "UserPrefStore loaded: error=NONE (0)"}
{"logTime": "0917/153218", "level": "INFO", "message": "UserPrefStore loaded: error=NONE (0)"}
{"logTime": "0917/153629", "level": "INFO", "message": "UserPrefStore loaded: error=NONE (0)"}
{"logTime": "0917/154912", "level": "INFO", "message": "UserPrefStore loaded: error=NONE (0)"}
{"logTime": "0917/154935", "level": "INFO", "message": "UserPrefStore loaded: error=NONE (0)"}
{"logTime": "0917/155234", "level": "INFO", "message": "UserPrefStore loaded: error=NONE (0)"}
{"logTime": "0917/155903", "level": "INFO", "message": "UserPrefStore loaded: error=NONE (0)"}
{"logTime": "0917/155940", "level": "INFO", "message": "UserPrefStore loaded: error=NONE (0)"}
{"logTime": "0917/160146", "level": "INFO", "message": "UserPrefStore loaded: error=NONE (0)"}
{"logTime": "0917/160232", "level": "INFO", "message": "UserPrefStore loaded: error=NONE (0)"}
{"logTime": "0917/161826", "level": "INFO", "message": "UserPrefStore loaded: error=NONE (0)"}
{"logTime": "0917/161852", "level": "INFO", "message": "UserPrefStore loaded: error=NONE (0)"}
{"logTime": "0917/215858", "level": "INFO", "message": "UserPrefStore loaded: error=NONE (0)"}
{"logTime": "0917/220122", "level": "INFO", "message": "UserPrefStore loaded: error=NONE (0)"}
{"logTime": "0917/220140", "level": "INFO", "message": "UserPrefStore loaded: error=NONE (0)"}
{"logTime": "0917/231302", "level": "INFO", "message": "UserPrefStore loaded: error=NONE (0)"}
{"logTime": "0917/231311", "level": "INFO", "message": "UserPrefStore loaded: error=NONE (0)"}
{"logTime": "0917/231604", "level": "INFO", "message": "UserPrefStore loaded: error=NONE (0)"}
{"logTime": "0917/231637", "level": "INFO", "message": "UserPrefStore loaded: error=NONE (0)"}
{"logTime": "0917/232336", "level": "INFO", "message": "UserPrefStore loaded: error=NONE (0)"}
{"logTime": "0917/235906", "level": "INFO", "message": "UserPrefStore loaded: error=NONE (0)"}
{"logTime": "0917/235942", "level": "INFO", "message": "UserPrefStore loaded: error=NONE (0)"}
{"logTime": "0918/000047", "level": "INFO", "message": "UserPrefStore loaded: error=NONE (0)"}
{"logTime": "0918/000300", "level": "INFO", "message": "UserPrefStore loaded: error=NONE (0)"}
{"logTime": "0918/000423", "level": "INFO", "message": "UserPrefStore loaded: error=NONE (0)"}
{"logTime": "0918/001553", "level": "INFO", "message": "UserPrefStore loaded: error=NONE (0)"}
{"logTime": "0918/001810", "level": "INFO", "message": "UserPrefStore loaded: error=NONE (0)"}
{"logTime": "0919/170716", "level": "INFO", "message": "UserPrefStore loaded: error=NONE (0)"}
{"logTime": "0919/170907", "level": "INFO", "message": "UserPrefStore loaded: error=NONE (0)"}
{"logTime": "0919/171308", "level": "INFO", "message": "UserPrefStore loaded: error=NONE (0)"}
{"logTime": "0919/172935", "level": "INFO", "message": "UserPrefStore loaded: error=NONE (0)"}
{"logTime": "0919/173856", "level": "INFO", "message": "UserPrefStore loaded: error=NONE (0)"}
{"logTime": "0919/174941", "level": "INFO", "message": "UserPrefStore loaded: error=NONE (0)"}
{"logTime": "0919/175127", "level": "INFO", "message": "UserPrefStore loaded: error=NONE (0)"}
{"logTime": "0921/210458", "level": "INFO", "message": "UserPrefStore loaded: error=NONE (0)"}
{"logTime": "0921/210546", "level": "INFO", "message": "UserPrefStore loaded: error=NONE (0)"}
{"logTime": "0921/210743", "level": "INFO", "message": "UserPrefStore loaded: error=NONE (0)"}
{"logTime": "0928/115449", "level": "INFO", "message": "UserPrefStore loaded: error=NONE (0)"}
{"logTime": "0928/120759", "level": "INFO", "message": "UserPrefStore loaded: error=NONE (0)"}
{"logTime": "0928/121221", "level": "INFO", "message": "UserPrefStore loaded: error=NONE (0)"}
{"logTime": "0928/122319", "level": "INFO", "message": "UserPrefStore loaded: error=NONE (0)"}
{"logTime": "0928/122529", "level": "INFO", "message": "UserPrefStore loaded: error=NONE (0)"}
{"logTime": "0928/122553", "level": "INFO", "message": "UserPrefStore loaded: error=NONE (0)"}
{"logTime": "0928/122757", "level": "INFO", "message": "UserPrefStore loaded: error=NONE (0)"}
{"logTime": "0928/122944", "level": "INFO", "message": "UserPrefStore loaded: error=NONE (0)"}
{"logTime": "0928/123804", "level": "INFO", "message": "UserPrefStore loaded: error=NONE (0)"}
{"logTime": "0928/124018", "level": "INFO", "message": "UserPrefStore loaded: error=NONE (0)"}
{"logTime": "0928/230710", "level": "INFO", "message": "UserPrefStore loaded: error=NONE (0)"}
{"logTime": "0928/230940", "level": "INFO", "message": "UserPrefStore loaded: error=NONE (0)"}
{"logTime": "0928/232219", "level": "INFO", "message": "UserPrefStore loaded: error=NONE (0)"}
{"logTime": "0930/172148", "level": "INFO", "message": "UserPrefStore loaded: error=NONE (0)"}
{"logTime": "0930/172148", "level": "INFO", "message": "Preference changed: name=extensions.last_chrome_version, new_value=\"154.0.4258.37\", source=unknown"}
{"logTime": "0930/172148", "level": "INFO", "message": "Preference changed: name=gaia_cookie.periodic_report_time_2, new_value=\"13435262508177701\", source=unknown"}
{"logTime": "0930/172148", "level": "INFO", "message": "Preference changed: name=optimization_guide.previously_registered_optimization_types, new_value=[object], source=unknown"}
{"logTime": "0930/172148", "level": "INFO", "message": "Preference changed: name=extensions.chrome_url_overrides, new_value=[object], source=unknown"}
{"logTime": "0930/172148", "level": "INFO", "message": "Preference changed: name=sessions.session_data_status, new_value=1, source=unknown"}
{"logTime": "0930/172148", "level": "INFO", "message": "Preference changed: name=sessions.event_log, new_value=[object], source=unknown"}
{"logTime": "0930/172148", "level": "INFO", "message": "Preference changed: name=optimization_guide.previously_registered_optimization_types, new_value=[object], source=unknown"}
{"logTime": "0930/172148", "level": "INFO", "message": "Preference changed: name=optimization_guide.previously_registered_optimization_types, new_value=[object], source=unknown"}
{"logTime": "0930/172148", "level": "INFO", "message": "Preference changed: name=optimization_guide.previously_registered_optimization_types, new_value=[object], source=unknown"}
{"logTime": "0930/172148", "level": "INFO", "message": "Preference changed: name=optimization_guide.previously_registered_optimization_types, new_value=[object], source=unknown"}
{"logTime": "0930/172148", "level": "INFO", "message": "Preference changed: name=optimization_guide.previously_registered_optimization_types, new_value=[object], source=unknown"}
{"logTime": "0930/172148", "level": "INFO", "message": "Preference changed: name=profile.network_pbs, new_value=[object], source=unknown"}
{"logTime": "0930/172148", "level": "INFO", "message": "Preference changed: name=extensions.settings, new_value=[object], source=unknown"}
{"logTime": "0930/172148", "level": "INFO", "message": "Preference changed: name=extensions.settings, new_value=[object], source=unknown"}
{"logTime": "0930/172148", "level": "INFO", "message": "Preference changed: name=profile.password_hash_data_list, new_value=[object], source=unknown"}
{"logTime": "0930/172148", "level": "INFO", "message": "Preference changed: name=schedule_to_flush_to_disk, new_value=\"13435262508200761\", source=unknown"}
{"logTime": "0930/172148", "level": "INFO", "message": "Preference changed: name=schedule_to_flush_to_disk, new_value=\"13435262508201275\", source=unknown"}
{"logTime": "0930/172148", "level": "INFO", "message": "Preference changed: name=muid.last_sync, new_value=\"13435262508201360\", source=unknown"}
{"logTime": "0930/172148", "level": "INFO", "message": "Preference changed: name=bookmark.storage_computation_last_update, new_value=\"13435262508201518\", source=unknown"}
{"logTime": "0930/172148", "level": "INFO", "message": "Preference changed: name=edge.services.signin_scoped_device_id, new_value=\"94d1fa52-2e6d-4616-a088-9e5344eb7c03\", source=unknown"}
{"logTime": "0930/172148", "level": "INFO", "message": "Preference changed: name=account_tracker_service_last_update, new_value=\"13435262508203792\", source=unknown"}
{"logTime": "0930/172148", "level": "INFO", "message": "Preference changed: name=commerce_daily_metrics_last_update_time, new_value=\"13435262508204431\", source=unknown"}
{"logTime": "0930/172148", "level": "INFO", "message": "Preference changed: name=autofill.last_version_deduped, new_value=154, source=unknown"}
{"logTime": "0930/172148", "level": "INFO", "message": "Preference changed: name=optimization_guide.previously_registered_optimization_types, new_value=[object], source=unknown"}
{"logTime": "0930/172148", "level": "INFO", "message": "Preference changed: name=extensions.chrome_url_overrides, new_value=[object], source=unknown"}
{"logTime": "0930/172148", "level": "INFO", "message": "Preference changed: name=autofill.credit_card_enabled, new_value=false, source=unknown"}
{"logTime": "0930/172148", "level": "INFO", "message": "Preference changed: name=enable_edge_collections, new_value=false, source=unknown"}
{"logTime": "0930/172148", "level": "INFO", "message": "Preference changed: name=resolve_navigation_errors_use_web_service.enabled, new_value=false, source=unknown"}
{"logTime": "0930/172148", "level": "INFO", "message": "Preference changed: name=alternate_error_pages.enabled, new_value=false, source=unknown"}
{"logTime": "0930/172148", "level": "INFO", "message": "Preference changed: name=optimization_guide.previously_registered_optimization_types, new_value=[object], source=unknown"}
{"logTime": "0930/172148", "level": "INFO", "message": "Preference changed: name=in_product_help.session_start_time, new_value=\"13435262508245264\", source=unknown"}
{"logTime": "0930/172148", "level": "INFO", "message": "Preference changed: name=in_product_help.session_number, new_value=26, source=unknown"}
{"logTime": "0930/172148", "level": "INFO", "message": "Preference changed: name=in_product_help.session_last_active_time, new_value=\"13435262508245264\", source=unknown"}
{"logTime": "0930/172148", "level": "INFO", "message": "Preference changed: name=in_product_help.recent_session_start_times, new_value=[object], source=unknown"}
{"logTime": "0930/172148", "level": "INFO", "message": "Preference changed: name=optimization_guide.previously_registered_optimization_types, new_value=[object], source=unknown"}
{"logTime": "0930/172148", "level": "INFO", "message": "Preference changed: name=profile.content_settings.exceptions.storage_access_header_origin_trial, new_value=[object], source=unknown"}
{"logTime": "0930/172148", "level": "INFO", "message": "Preference changed: name=autocomplete.retention_policy_last_version, new_value=154, source=unknown"}
{"logTime": "0930/172148", "level": "INFO", "message": "Preference changed: name=sessions.session_data_status, new_value=2, source=unknown"}
{"logTime": "0930/172148", "level": "INFO", "message": "Preference changed: name=sessions.session_data_status, new_value=3, source=unknown"}
{"logTime": "0930/172148", "level": "INFO", "message": "Preference changed: name=sessions.session_data_status, new_value=1, source=unknown"}
{"logTime": "0930/172148", "level": "INFO", "message": "Preference changed: name=sessions.event_log, new_value=[object], source=unknown"}
{"logTime": "0930/172148", "level": "INFO", "message": "Preference changed: name=profile.content_settings.exceptions.site_engagement, new_value=[object], source=unknown"}
{"logTime": "0930/172148", "level": "INFO", "message": "Preference changed: name=profile.last_engagement_time, new_value=\"13435233708336898\", source=unknown"}
{"logTime": "0930/172148", "level": "INFO", "message": "Preference changed: name=edge_rewards.coachmark_promotions, new_value=[object], source=unknown"}
{"logTime": "0930/172148", "level": "INFO", "message": "Preference changed: name=edge_rewards.hva_promotions, new_value=[object], source=unknown"}
{"logTime": "0930/172148", "level": "INFO", "message": "Preference changed: name=fsd.retention_policy_last_version, new_value=154, source=unknown"}
{"logTime": "0930/172158", "level": "INFO", "message": "PrefStore write completed: store=4, success=true"}
{"logTime": "0930/172158", "level": "INFO", "message": "PrefStore write completed: store=4, success=true"}
{"logTime": "0930/172158", "level": "INFO", "message": "Preference changed: name=edge.bookmarks.last_dup_info_record_time, new_value=\"13435262518207262\", source=unknown"}
{"logTime": "0930/172208", "level": "INFO", "message": "PrefStore write completed: store=4, success=true"}
{"logTime": "0930/172218", "level": "INFO", "message": "Preference changed: name=profile.last_time_password_store_metrics_reported, new_value=1790788938.189114, source=unknown"}
{"logTime": "0930/172218", "level": "INFO", "message": "Preference changed: name=edge_wallet.passwords.password_lost_report_date, new_value=\"13435262538189507\", source=unknown"}
{"logTime": "0930/172228", "level": "INFO", "message": "PrefStore write completed: store=4, success=true"}
{"logTime": "0930/172337", "level": "INFO", "message": "Preference changed: name=sessions.session_data_status, new_value=2, source=unknown"}
{"logTime": "0930/172337", "level": "INFO", "message": "Preference changed: name=sessions.session_data_status, new_value=3, source=unknown"}
{"logTime": "0930/172412", "level": "INFO", "message": "UserPrefStore loaded: error=NONE (0)"}
{"logTime": "0930/172412", "level": "INFO", "message": "Preference changed: name=optimization_guide.previously_registered_optimization_types, new_value=[object], source=unknown"}
{"logTime": "0930/172412", "level": "INFO", "message": "Preference changed: name=extensions.chrome_url_overrides, new_value=[object], source=unknown"}
{"logTime": "0930/172412", "level": "INFO", "message": "Preference changed: name=sessions.session_data_status, new_value=1, source=unknown"}
{"logTime": "0930/172412", "level": "INFO", "message": "Preference changed: name=sessions.event_log, new_value=[object], source=unknown"}
{"logTime": "0930/172412", "level": "INFO", "message": "Preference changed: name=optimization_guide.previously_registered_optimization_types, new_value=[object], source=unknown"}
{"logTime": "0930/172412", "level": "INFO", "message": "Preference changed: name=optimization_guide.previously_registered_optimization_types, new_value=[object], source=unknown"}
{"logTime": "0930/172412", "level": "INFO", "message": "Preference changed: name=optimization_guide.previously_registered_optimization_types, new_value=[object], source=unknown"}
{"logTime": "0930/172412", "level": "INFO", "message": "Preference changed: name=optimization_guide.previously_registered_optimization_types, new_value=[object], source=unknown"}
{"logTime": "0930/172412", "level": "INFO", "message": "Preference changed: name=optimization_guide.previously_registered_optimization_types, new_value=[object], source=unknown"}
{"logTime": "0930/172412", "level": "INFO", "message": "Preference changed: name=profile.network_pbs, new_value=[object], source=unknown"}
{"logTime": "0930/172412", "level": "INFO", "message": "Preference changed: name=profile.password_hash_data_list, new_value=[object], source=unknown"}
{"logTime": "0930/172412", "level": "INFO", "message": "Preference changed: name=schedule_to_flush_to_disk, new_value=\"13435262652409287\", source=unknown"}
{"logTime": "0930/172412", "level": "INFO", "message": "Preference changed: name=schedule_to_flush_to_disk, new_value=\"13435262652409841\", source=unknown"}
{"logTime": "0930/172412", "level": "INFO", "message": "Preference changed: name=edge.services.signin_scoped_device_id, new_value=\"9a5695bb-6ee4-4bf5-b1f6-b1aaeaaa7df5\", source=unknown"}
{"logTime": "0930/172412", "level": "INFO", "message": "Preference changed: name=optimization_guide.previously_registered_optimization_types, new_value=[object], source=unknown"}
{"logTime": "0930/172412", "level": "INFO", "message": "Preference changed: name=extensions.chrome_url_overrides, new_value=[object], source=unknown"}
{"logTime": "0930/172412", "level": "INFO", "message": "Preference changed: name=autofill.credit_card_enabled, new_value=false, source=unknown"}
{"logTime": "0930/172412", "level": "INFO", "message": "Preference changed: name=enable_edge_collections, new_value=false, source=unknown"}
{"logTime": "0930/172412", "level": "INFO", "message": "Preference changed: name=resolve_navigation_errors_use_web_service.enabled, new_value=false, source=unknown"}
{"logTime": "0930/172412", "level": "INFO", "message": "Preference changed: name=alternate_error_pages.enabled, new_value=false, source=unknown"}
{"logTime": "0930/172412", "level": "INFO", "message": "Preference changed: name=optimization_guide.previously_registered_optimization_types, new_value=[object], source=unknown"}
{"logTime": "0930/172412", "level": "INFO", "message": "Preference changed: name=in_product_help.session_last_active_time, new_value=\"13435262652442222\", source=unknown"}
{"logTime": "0930/172412", "level": "INFO", "message": "Preference changed: name=optimization_guide.previously_registered_optimization_types, new_value=[object], source=unknown"}
{"logTime": "0930/172412", "level": "INFO", "message": "Preference changed: name=profile.content_settings.exceptions.storage_access_header_origin_trial, new_value=[object], source=unknown"}
{"logTime": "0930/172412", "level": "INFO", "message": "Preference changed: name=edge_rewards.coachmark_promotions, new_value=[object], source=unknown"}
{"logTime": "0930/172412", "level": "INFO", "message": "Preference changed: name=edge_rewards.hva_promotions, new_value=[object], source=unknown"}
{"logTime": "0930/172422", "level": "INFO", "message": "PrefStore write completed: store=4, success=true"}
{"logTime": "0930/172422", "level": "INFO", "message": "PrefStore write completed: store=4, success=true"}
{"logTime": "0930/172601", "level": "INFO", "message": "Preference changed: name=sessions.session_data_status, new_value=2, source=unknown"}
{"logTime": "0930/172601", "level": "INFO", "message": "Preference changed: name=sessions.session_data_status, new_value=3, source=unknown"}
{"logTime": "0930/172601", "level": "INFO", "message": "Preference changed: name=sessions.event_log, new_value=[object], source=unknown"}
{"logTime": "0930/172623", "level": "INFO", "message": "UserPrefStore loaded: error=NONE (0)"}
{"logTime": "0930/172623", "level": "INFO", "message": "Preference changed: name=optimization_guide.previously_registered_optimization_types, new_value=[object], source=unknown"}
{"logTime": "0930/172623", "level": "INFO", "message": "Preference changed: name=extensions.chrome_url_overrides, new_value=[object], source=unknown"}
{"logTime": "0930/172623", "level": "INFO", "message": "Preference changed: name=sessions.session_data_status, new_value=1, source=unknown"}
{"logTime": "0930/172623", "level": "INFO", "message": "Preference changed: name=sessions.event_log, new_value=[object], source=unknown"}
{"logTime": "0930/172623", "level": "INFO", "message": "Preference changed: name=optimization_guide.previously_registered_optimization_types, new_value=[object], source=unknown"}
{"logTime": "0930/172623", "level": "INFO", "message": "Preference changed: name=optimization_guide.previously_registered_optimization_types, new_value=[object], source=unknown"}
{"logTime": "0930/172623", "level": "INFO", "message": "Preference changed: name=optimization_guide.previously_registered_optimization_types, new_value=[object], source=unknown"}
{"logTime": "0930/172623", "level": "INFO", "message": "Preference changed: name=optimization_guide.previously_registered_optimization_types, new_value=[object], source=unknown"}
{"logTime": "0930/172623", "level": "INFO", "message": "Preference changed: name=optimization_guide.previously_registered_optimization_types, new_value=[object], source=unknown"}
{"logTime": "0930/172623", "level": "INFO", "message": "Preference changed: name=profile.network_pbs, new_value=[object], source=unknown"}
{"logTime": "0930/172623", "level": "INFO", "message": "Preference changed: name=profile.password_hash_data_list, new_value=[object], source=unknown"}
{"logTime": "0930/172623", "level": "INFO", "message": "Preference changed: name=schedule_to_flush_to_disk, new_value=\"13435262783132734\", source=unknown"}
{"logTime": "0930/172623", "level": "INFO", "message": "Preference changed: name=schedule_to_flush_to_disk, new_value=\"13435262783133235\", source=unknown"}
{"logTime": "0930/172623", "level": "INFO", "message": "Preference changed: name=edge.services.signin_scoped_device_id, new_value=\"c501e03b-78b7-4789-bd39-bc68acff3db5\", source=unknown"}
{"logTime": "0930/172623", "level": "INFO", "message": "Preference changed: name=optimization_guide.previously_registered_optimization_types, new_value=[object], source=unknown"}
{"logTime": "0930/172623", "level": "INFO", "message": "Preference changed: name=extensions.chrome_url_overrides, new_value=[object], source=unknown"}
{"logTime": "0930/172623", "level": "INFO", "message": "Preference changed: name=autofill.credit_card_enabled, new_value=false, source=unknown"}
{"logTime": "0930/172623", "level": "INFO", "message": "Preference changed: name=enable_edge_collections, new_value=false, source=unknown"}
{"logTime": "0930/172623", "level": "INFO", "message": "Preference changed: name=resolve_navigation_errors_use_web_service.enabled, new_value=false, source=unknown"}
{"logTime": "0930/172623", "level": "INFO", "message": "Preference changed: name=alternate_error_pages.enabled, new_value=false, source=unknown"}
{"logTime": "0930/172623", "level": "INFO", "message": "Preference changed: name=optimization_guide.previously_registered_optimization_types, new_value=[object], source=unknown"}
{"logTime": "0930/172623", "level": "INFO", "message": "Preference changed: name=in_product_help.session_last_active_time, new_value=\"13435262783165583\", source=unknown"}
{"logTime": "0930/172623", "level": "INFO", "message": "Preference changed: name=optimization_guide.previously_registered_optimization_types, new_value=[object], source=unknown"}
{"logTime": "0930/172623", "level": "INFO", "message": "Preference changed: name=profile.content_settings.exceptions.storage_access_header_origin_trial, new_value=[object], source=unknown"}
{"logTime": "0930/172623", "level": "INFO", "message": "Preference changed: name=edge_rewards.coachmark_promotions, new_value=[object], source=unknown"}
{"logTime": "0930/172623", "level": "INFO", "message": "Preference changed: name=edge_rewards.hva_promotions, new_value=[object], source=unknown"}
{"logTime": "0930/172633", "level": "INFO", "message": "PrefStore write completed: store=4, success=true"}
{"logTime": "0930/172633", "level": "INFO", "message": "PrefStore write completed: store=4, success=true"}
{"logTime": "0930/172702", "level": "INFO", "message": "Preference changed: name=sessions.session_data_status, new_value=2, source=unknown"}
{"logTime": "0930/172702", "level": "INFO", "message": "Preference changed: name=sessions.session_data_status, new_value=3, source=unknown"}
{"logTime": "0930/172702", "level": "INFO", "message": "Preference changed: name=sessions.event_log, new_value=[object], source=unknown"}
{"logTime": "0930/172944", "level": "INFO", "message": "UserPrefStore loaded: error=NONE (0)"}
{"logTime": "0930/172944", "level": "INFO", "message": "Preference changed: name=optimization_guide.previously_registered_optimization_types, new_value=[object], source=unknown"}
{"logTime": "0930/172944", "level": "INFO", "message": "Preference changed: name=extensions.chrome_url_overrides, new_value=[object], source=unknown"}
{"logTime": "0930/172944", "level": "INFO", "message": "Preference changed: name=sessions.session_data_status, new_value=1, source=unknown"}
{"logTime": "0930/172944", "level": "INFO", "message": "Preference changed: name=sessions.event_log, new_value=[object], source=unknown"}
{"logTime": "0930/172944", "level": "INFO", "message": "Preference changed: name=optimization_guide.previously_registered_optimization_types, new_value=[object], source=unknown"}
{"logTime": "0930/172944", "level": "INFO", "message": "Preference changed: name=optimization_guide.previously_registered_optimization_types, new_value=[object], source=unknown"}
{"logTime": "0930/172944", "level": "INFO", "message": "Preference changed: name=optimization_guide.previously_registered_optimization_types, new_value=[object], source=unknown"}
{"logTime": "0930/172944", "level": "INFO", "message": "Preference changed: name=optimization_guide.previously_registered_optimization_types, new_value=[object], source=unknown"}
{"logTime": "0930/172944", "level": "INFO", "message": "Preference changed: name=optimization_guide.previously_registered_optimization_types, new_value=[object], source=unknown"}
{"logTime": "0930/172944", "level": "INFO", "message": "Preference changed: name=profile.network_pbs, new_value=[object], source=unknown"}
{"logTime": "0930/172944", "level": "INFO", "message": "Preference changed: name=profile.password_hash_data_list, new_value=[object], source=unknown"}
{"logTime": "0930/172944", "level": "INFO", "message": "Preference changed: name=schedule_to_flush_to_disk, new_value=\"13435262984064837\", source=unknown"}
{"logTime": "0930/172944", "level": "INFO", "message": "Preference changed: name=schedule_to_flush_to_disk, new_value=\"13435262984065594\", source=unknown"}
{"logTime": "0930/172944", "level": "INFO", "message": "Preference changed: name=edge.services.signin_scoped_device_id, new_value=\"31670754-5e6b-4307-8018-65eebd216e9c\", source=unknown"}
{"logTime": "0930/172944", "level": "INFO", "message": "Preference changed: name=optimization_guide.previously_registered_optimization_types, new_value=[object], source=unknown"}
{"logTime": "0930/172944", "level": "INFO", "message": "Preference changed: name=extensions.chrome_url_overrides, new_value=[object], source=unknown"}
{"logTime": "0930/172944", "level": "INFO", "message": "Preference changed: name=autofill.credit_card_enabled, new_value=false, source=unknown"}
{"logTime": "0930/172944", "level": "INFO", "message": "Preference changed: name=enable_edge_collections, new_value=false, source=unknown"}
{"logTime": "0930/172944", "level": "INFO", "message": "Preference changed: name=resolve_navigation_errors_use_web_service.enabled, new_value=false, source=unknown"}
{"logTime": "0930/172944", "level": "INFO", "message": "Preference changed: name=alternate_error_pages.enabled, new_value=false, source=unknown"}
{"logTime": "0930/172944", "level": "INFO", "message": "Preference changed: name=optimization_guide.previously_registered_optimization_types, new_value=[object], source=unknown"}
{"logTime": "0930/172944", "level": "INFO", "message": "Preference changed: name=in_product_help.session_last_active_time, new_value=\"13435262984121739\", source=unknown"}
{"logTime": "0930/172944", "level": "INFO", "message": "Preference changed: name=optimization_guide.previously_registered_optimization_types, new_value=[object], source=unknown"}
{"logTime": "0930/172944", "level": "INFO", "message": "Preference changed: name=profile.content_settings.exceptions.storage_access_header_origin_trial, new_value=[object], source=unknown"}
{"logTime": "0930/172944", "level": "INFO", "message": "Preference changed: name=edge_rewards.coachmark_promotions, new_value=[object], source=unknown"}
{"logTime": "0930/172944", "level": "INFO", "message": "Preference changed: name=edge_rewards.hva_promotions, new_value=[object], source=unknown"}
{"logTime": "0930/172954", "level": "INFO", "message": "PrefStore write completed: store=4, success=true"}
{"logTime": "0930/172954", "level": "INFO", "message": "PrefStore write completed: store=4, success=true"}
{"logTime": "0930/173014", "level": "INFO", "message": "Preference changed: name=sessions.session_data_status, new_value=2, source=unknown"}
{"logTime": "0930/173014", "level": "INFO", "message": "Preference changed: name=sessions.session_data_status, new_value=3, source=unknown"}
{"logTime": "0930/173014", "level": "INFO", "message": "Preference changed: name=sessions.event_log, new_value=[object], source=unknown"}
{"logTime": "0930/173036", "level": "INFO", "message": "UserPrefStore loaded: error=NONE (0)"}
{"logTime": "0930/173036", "level": "INFO", "message": "Preference changed: name=optimization_guide.previously_registered_optimization_types, new_value=[object], source=unknown"}
{"logTime": "0930/173036", "level": "INFO", "message": "Preference changed: name=extensions.chrome_url_overrides, new_value=[object], source=unknown"}
{"logTime": "0930/173036", "level": "INFO", "message": "Preference changed: name=sessions.session_data_status, new_value=1, source=unknown"}
{"logTime": "0930/173036", "level": "INFO", "message": "Preference changed: name=sessions.event_log, new_value=[object], source=unknown"}
{"logTime": "0930/173036", "level": "INFO", "message": "Preference changed: name=optimization_guide.previously_registered_optimization_types, new_value=[object], source=unknown"}
{"logTime": "0930/173036", "level": "INFO", "message": "Preference changed: name=optimization_guide.previously_registered_optimization_types, new_value=[object], source=unknown"}
{"logTime": "0930/173036", "level": "INFO", "message": "Preference changed: name=optimization_guide.previously_registered_optimization_types, new_value=[object], source=unknown"}
{"logTime": "0930/173036", "level": "INFO", "message": "Preference changed: name=optimization_guide.previously_registered_optimization_types, new_value=[object], source=unknown"}
{"logTime": "0930/173036", "level": "INFO", "message": "Preference changed: name=optimization_guide.previously_registered_optimization_types, new_value=[object], source=unknown"}
{"logTime": "0930/173036", "level": "INFO", "message": "Preference changed: name=profile.network_pbs, new_value=[object], source=unknown"}
{"logTime": "0930/173036", "level": "INFO", "message": "Preference changed: name=profile.password_hash_data_list, new_value=[object], source=unknown"}
{"logTime": "0930/173036", "level": "INFO", "message": "Preference changed: name=schedule_to_flush_to_disk, new_value=\"13435263036249179\", source=unknown"}
{"logTime": "0930/173036", "level": "INFO", "message": "Preference changed: name=schedule_to_flush_to_disk, new_value=\"13435263036249705\", source=unknown"}
{"logTime": "0930/173036", "level": "INFO", "message": "Preference changed: name=edge.services.signin_scoped_device_id, new_value=\"5373523a-286f-4505-8ac9-5a9509d6e1d2\", source=unknown"}
{"logTime": "0930/173036", "level": "INFO", "message": "Preference changed: name=optimization_guide.previously_registered_optimization_types, new_value=[object], source=unknown"}
{"logTime": "0930/173036", "level": "INFO", "message": "Preference changed: name=extensions.chrome_url_overrides, new_value=[object], source=unknown"}
{"logTime": "0930/173036", "level": "INFO", "message": "Preference changed: name=autofill.credit_card_enabled, new_value=false, source=unknown"}
{"logTime": "0930/173036", "level": "INFO", "message": "Preference changed: name=enable_edge_collections, new_value=false, source=unknown"}
{"logTime": "0930/173036", "level": "INFO", "message": "Preference changed: name=resolve_navigation_errors_use_web_service.enabled, new_value=false, source=unknown"}
{"logTime": "0930/173036", "level": "INFO", "message": "Preference changed: name=alternate_error_pages.enabled, new_value=false, source=unknown"}
{"logTime": "0930/173036", "level": "INFO", "message": "Preference changed: name=optimization_guide.previously_registered_optimization_types, new_value=[object], source=unknown"}
{"logTime": "0930/173036", "level": "INFO", "message": "Preference changed: name=in_product_help.session_last_active_time, new_value=\"13435263036281797\", source=unknown"}
{"logTime": "0930/173036", "level": "INFO", "message": "Preference changed: name=optimization_guide.previously_registered_optimization_types, new_value=[object], source=unknown"}
{"logTime": "0930/173036", "level": "INFO", "message": "Preference changed: name=profile.content_settings.exceptions.storage_access_header_origin_trial, new_value=[object], source=unknown"}
{"logTime": "0930/173036", "level": "INFO", "message": "Preference changed: name=edge_rewards.coachmark_promotions, new_value=[object], source=unknown"}
{"logTime": "0930/173036", "level": "INFO", "message": "Preference changed: name=edge_rewards.hva_promotions, new_value=[object], source=unknown"}
{"logTime": "0930/173046", "level": "INFO", "message": "PrefStore write completed: store=4, success=true"}
{"logTime": "0930/173046", "level": "INFO", "message": "PrefStore write completed: store=4, success=true"}
{"logTime": "0930/173051", "level": "INFO", "message": "Preference changed: name=sessions.session_data_status, new_value=2, source=unknown"}
{"logTime": "0930/173051", "level": "INFO", "message": "Preference changed: name=sessions.session_data_status, new_value=3, source=unknown"}
{"logTime": "0930/173051", "level": "INFO", "message": "Preference changed: name=sessions.event_log, new_value=[object], source=unknown"}
{"logTime": "0930/173203", "level": "INFO", "message": "UserPrefStore loaded: error=NONE (0)"}
{"logTime": "0930/173203", "level": "INFO", "message": "Preference changed: name=optimization_guide.previously_registered_optimization_types, new_value=[object], source=unknown"}
{"logTime": "0930/173203", "level": "INFO", "message": "Preference changed: name=extensions.chrome_url_overrides, new_value=[object], source=unknown"}
{"logTime": "0930/173203", "level": "INFO", "message": "Preference changed: name=sessions.session_data_status, new_value=1, source=unknown"}
{"logTime": "0930/173203", "level": "INFO", "message": "Preference changed: name=sessions.event_log, new_value=[object], source=unknown"}
{"logTime": "0930/173203", "level": "INFO", "message": "Preference changed: name=optimization_guide.previously_registered_optimization_types, new_value=[object], source=unknown"}
{"logTime": "0930/173203", "level": "INFO", "message": "Preference changed: name=optimization_guide.previously_registered_optimization_types, new_value=[object], source=unknown"}
{"logTime": "0930/173203", "level": "INFO", "message": "Preference changed: name=optimization_guide.previously_registered_optimization_types, new_value=[object], source=unknown"}
{"logTime": "0930/173203", "level": "INFO", "message": "Preference changed: name=optimization_guide.previously_registered_optimization_types, new_value=[object], source=unknown"}
{"logTime": "0930/173203", "level": "INFO", "message": "Preference changed: name=optimization_guide.previously_registered_optimization_types, new_value=[object], source=unknown"}
{"logTime": "0930/173204", "level": "INFO", "message": "Preference changed: name=profile.network_pbs, new_value=[object], source=unknown"}
{"logTime": "0930/173204", "level": "INFO", "message": "Preference changed: name=profile.password_hash_data_list, new_value=[object], source=unknown"}
{"logTime": "0930/173204", "level": "INFO", "message": "Preference changed: name=schedule_to_flush_to_disk, new_value=\"13435263124014757\", source=unknown"}
{"logTime": "0930/173204", "level": "INFO", "message": "Preference changed: name=schedule_to_flush_to_disk, new_value=\"13435263124015401\", source=unknown"}
{"logTime": "0930/173204", "level": "INFO", "message": "Preference changed: name=edge.services.signin_scoped_device_id, new_value=\"650c6298-fccf-4934-838d-2b12b79f1f22\", source=unknown"}
{"logTime": "0930/173204", "level": "INFO", "message": "Preference changed: name=optimization_guide.previously_registered_optimization_types, new_value=[object], source=unknown"}
{"logTime": "0930/173204", "level": "INFO", "message": "Preference changed: name=extensions.chrome_url_overrides, new_value=[object], source=unknown"}
{"logTime": "0930/173204", "level": "INFO", "message": "Preference changed: name=autofill.credit_card_enabled, new_value=false, source=unknown"}
{"logTime": "0930/173204", "level": "INFO", "message": "Preference changed: name=enable_edge_collections, new_value=false, source=unknown"}
{"logTime": "0930/173204", "level": "INFO", "message": "Preference changed: name=resolve_navigation_errors_use_web_service.enabled, new_value=false, source=unknown"}
{"logTime": "0930/173204", "level": "INFO", "message": "Preference changed: name=alternate_error_pages.enabled, new_value=false, source=unknown"}
{"logTime": "0930/173204", "level": "INFO", "message": "Preference changed: name=optimization_guide.previously_registered_optimization_types, new_value=[object], source=unknown"}
{"logTime": "0930/173204", "level": "INFO", "message": "Preference changed: name=in_product_help.session_last_active_time, new_value=\"13435263124053698\", source=unknown"}
{"logTime": "0930/173204", "level": "INFO", "message": "Preference changed: name=optimization_guide.previously_registered_optimization_types, new_value=[object], source=unknown"}
{"logTime": "0930/173204", "level": "INFO", "message": "Preference changed: name=profile.content_settings.exceptions.storage_access_header_origin_trial, new_value=[object], source=unknown"}
{"logTime": "0930/173204", "level": "INFO", "message": "Preference changed: name=edge_rewards.coachmark_promotions, new_value=[object], source=unknown"}
{"logTime": "0930/173204", "level": "INFO", "message": "Preference changed: name=edge_rewards.hva_promotions, new_value=[object], source=unknown"}
{"logTime": "0930/173214", "level": "INFO", "message": "PrefStore write completed: store=4, success=true"}
{"logTime": "0930/173214", "level": "INFO", "message": "PrefStore write completed: store=4, success=true"}
{"logTime": "0930/173424", "level": "INFO", "message": "Preference changed: name=language_model_counters, new_value=[object], source=unknown"}
{"logTime": "0930/173449", "level": "INFO", "message": "Preference changed: name=sessions.session_data_status, new_value=2, source=unknown"}
{"logTime": "0930/173449", "level": "INFO", "message": "Preference changed: name=sessions.session_data_status, new_value=3, source=unknown"}
{"logTime": "0930/173449", "level": "INFO", "message": "Preference changed: name=sessions.event_log, new_value=[object], source=unknown"}
{"logTime": "0930/173519", "level": "INFO", "message": "UserPrefStore loaded: error=NONE (0)"}
{"logTime": "0930/173519", "level": "INFO", "message": "Preference changed: name=optimization_guide.previously_registered_optimization_types, new_value=[object], source=unknown"}
{"logTime": "0930/173519", "level": "INFO", "message": "Preference changed: name=extensions.chrome_url_overrides, new_value=[object], source=unknown"}
{"logTime": "0930/173519", "level": "INFO", "message": "Preference changed: name=sessions.session_data_status, new_value=1, source=unknown"}
{"logTime": "0930/173519", "level": "INFO", "message": "Preference changed: name=sessions.event_log, new_value=[object], source=unknown"}
{"logTime": "0930/173519", "level": "INFO", "message": "Preference changed: name=optimization_guide.previously_registered_optimization_types, new_value=[object], source=unknown"}
{"logTime": "0930/173519", "level": "INFO", "message": "Preference changed: name=optimization_guide.previously_registered_optimization_types, new_value=[object], source=unknown"}
{"logTime": "0930/173519", "level": "INFO", "message": "Preference changed: name=optimization_guide.previously_registered_optimization_types, new_value=[object], source=unknown"}
{"logTime": "0930/173519", "level": "INFO", "message": "Preference changed: name=optimization_guide.previously_registered_optimization_types, new_value=[object], source=unknown"}
{"logTime": "0930/173519", "level": "INFO", "message": "Preference changed: name=optimization_guide.previously_registered_optimization_types, new_value=[object], source=unknown"}
{"logTime": "0930/173519", "level": "INFO", "message": "Preference changed: name=profile.network_pbs, new_value=[object], source=unknown"}
{"logTime": "0930/173519", "level": "INFO", "message": "Preference changed: name=profile.password_hash_data_list, new_value=[object], source=unknown"}
{"logTime": "0930/173519", "level": "INFO", "message": "Preference changed: name=schedule_to_flush_to_disk, new_value=\"13435263319177133\", source=unknown"}
{"logTime": "0930/173519", "level": "INFO", "message": "Preference changed: name=schedule_to_flush_to_disk, new_value=\"13435263319177641\", source=unknown"}
{"logTime": "0930/173519", "level": "INFO", "message": "Preference changed: name=edge.services.signin_scoped_device_id, new_value=\"7d051759-5575-4318-9f5b-3b18fe904148\", source=unknown"}
{"logTime": "0930/173519", "level": "INFO", "message": "Preference changed: name=optimization_guide.previously_registered_optimization_types, new_value=[object], source=unknown"}
{"logTime": "0930/173519", "level": "INFO", "message": "Preference changed: name=extensions.chrome_url_overrides, new_value=[object], source=unknown"}
{"logTime": "0930/173519", "level": "INFO", "message": "Preference changed: name=autofill.credit_card_enabled, new_value=false, source=unknown"}
{"logTime": "0930/173519", "level": "INFO", "message": "Preference changed: name=enable_edge_collections, new_value=false, source=unknown"}
{"logTime": "0930/173519", "level": "INFO", "message": "Preference changed: name=resolve_navigation_errors_use_web_service.enabled, new_value=false, source=unknown"}
{"logTime": "0930/173519", "level": "INFO", "message": "Preference changed: name=alternate_error_pages.enabled, new_value=false, source=unknown"}
{"logTime": "0930/173519", "level": "INFO", "message": "Preference changed: name=optimization_guide.previously_registered_optimization_types, new_value=[object], source=unknown"}
{"logTime": "0930/173519", "level": "INFO", "message": "Preference changed: name=in_product_help.session_last_active_time, new_value=\"13435263319208662\", source=unknown"}
{"logTime": "0930/173519", "level": "INFO", "message": "Preference changed: name=optimization_guide.previously_registered_optimization_types, new_value=[object], source=unknown"}
{"logTime": "0930/173519", "level": "INFO", "message": "Preference changed: name=profile.content_settings.exceptions.storage_access_header_origin_trial, new_value=[object], source=unknown"}
{"logTime": "0930/173519", "level": "INFO", "message": "Preference changed: name=edge_rewards.coachmark_promotions, new_value=[object], source=unknown"}
{"logTime": "0930/173519", "level": "INFO", "message": "Preference changed: name=edge_rewards.hva_promotions, new_value=[object], source=unknown"}
{"logTime": "0930/173524", "level": "INFO", "message": "Preference changed: name=sessions.session_data_status, new_value=2, source=unknown"}
{"logTime": "0930/173524", "level": "INFO", "message": "Preference changed: name=sessions.session_data_status, new_value=3, source=unknown"}
{"logTime": "0930/173524", "level": "INFO", "message": "Preference changed: name=sessions.event_log, new_value=[object], source=unknown"}
{"logTime": "0930/173532", "level": "INFO", "message": "UserPrefStore loaded: error=NONE (0)"}
{"logTime": "0930/173532", "level": "INFO", "message": "Preference changed: name=optimization_guide.previously_registered_optimization_types, new_value=[object], source=unknown"}
{"logTime": "0930/173532", "level": "INFO", "message": "Preference changed: name=extensions.chrome_url_overrides, new_value=[object], source=unknown"}
{"logTime": "0930/173532", "level": "INFO", "message": "Preference changed: name=sessions.session_data_status, new_value=1, source=unknown"}
{"logTime": "0930/173532", "level": "INFO", "message": "Preference changed: name=sessions.event_log, new_value=[object], source=unknown"}
{"logTime": "0930/173532", "level": "INFO", "message": "Preference changed: name=optimization_guide.previously_registered_optimization_types, new_value=[object], source=unknown"}
{"logTime": "0930/173532", "level": "INFO", "message": "Preference changed: name=optimization_guide.previously_registered_optimization_types, new_value=[object], source=unknown"}
{"logTime": "0930/173532", "level": "INFO", "message": "Preference changed: name=optimization_guide.previously_registered_optimization_types, new_value=[object], source=unknown"}
{"logTime": "0930/173532", "level": "INFO", "message": "Preference changed: name=optimization_guide.previously_registered_optimization_types, new_value=[object], source=unknown"}
{"logTime": "0930/173532", "level": "INFO", "message": "Preference changed: name=optimization_guide.previously_registered_optimization_types, new_value=[object], source=unknown"}
{"logTime": "0930/173532", "level": "INFO", "message": "Preference changed: name=profile.network_pbs, new_value=[object], source=unknown"}
{"logTime": "0930/173532", "level": "INFO", "message": "Preference changed: name=profile.password_hash_data_list, new_value=[object], source=unknown"}
{"logTime": "0930/173532", "level": "INFO", "message": "Preference changed: name=schedule_to_flush_to_disk, new_value=\"13435263332882308\", source=unknown"}
{"logTime": "0930/173532", "level": "INFO", "message": "Preference changed: name=schedule_to_flush_to_disk, new_value=\"13435263332882794\", source=unknown"}
{"logTime": "0930/173532", "level": "INFO", "message": "Preference changed: name=edge.services.signin_scoped_device_id, new_value=\"3a41f766-552a-464b-98bf-a27fbc156c91\", source=unknown"}
{"logTime": "0930/173532", "level": "INFO", "message": "Preference changed: name=optimization_guide.previously_registered_optimization_types, new_value=[object], source=unknown"}
{"logTime": "0930/173532", "level": "INFO", "message": "Preference changed: name=extensions.chrome_url_overrides, new_value=[object], source=unknown"}
{"logTime": "0930/173532", "level": "INFO", "message": "Preference changed: name=autofill.credit_card_enabled, new_value=false, source=unknown"}
{"logTime": "0930/173532", "level": "INFO", "message": "Preference changed: name=enable_edge_collections, new_value=false, source=unknown"}
{"logTime": "0930/173532", "level": "INFO", "message": "Preference changed: name=resolve_navigation_errors_use_web_service.enabled, new_value=false, source=unknown"}
{"logTime": "0930/173532", "level": "INFO", "message": "Preference changed: name=alternate_error_pages.enabled, new_value=false, source=unknown"}
{"logTime": "0930/173532", "level": "INFO", "message": "Preference changed: name=optimization_guide.previously_registered_optimization_types, new_value=[object], source=unknown"}
{"logTime": "0930/173532", "level": "INFO", "message": "Preference changed: name=in_product_help.session_last_active_time, new_value=\"13435263332913694\", source=unknown"}
{"logTime": "0930/173532", "level": "INFO", "message": "Preference changed: name=optimization_guide.previously_registered_optimization_types, new_value=[object], source=unknown"}
{"logTime": "0930/173532", "level": "INFO", "message": "Preference changed: name=profile.content_settings.exceptions.storage_access_header_origin_trial, new_value=[object], source=unknown"}
{"logTime": "0930/173533", "level": "INFO", "message": "Preference changed: name=edge_rewards.coachmark_promotions, new_value=[object], source=unknown"}
{"logTime": "0930/173533", "level": "INFO", "message": "Preference changed: name=edge_rewards.hva_promotions, new_value=[object], source=unknown"}
{"logTime": "0930/173542", "level": "INFO", "message": "PrefStore write completed: store=4, success=true"}
{"logTime": "0930/173542", "level": "INFO", "message": "PrefStore write completed: store=4, success=true"}
{"logTime": "0930/173635", "level": "INFO", "message": "Preference changed: name=sessions.session_data_status, new_value=2, source=unknown"}
{"logTime": "0930/173635", "level": "INFO", "message": "Preference changed: name=sessions.session_data_status, new_value=3, source=unknown"}
{"logTime": "0930/173635", "level": "INFO", "message": "Preference changed: name=sessions.event_log, new_value=[object], source=unknown"}
{"logTime": "0930/174002", "level": "INFO", "message": "UserPrefStore loaded: error=NONE (0)"}
{"logTime": "0930/174002", "level": "INFO", "message": "Preference changed: name=optimization_guide.previously_registered_optimization_types, new_value=[object], source=unknown"}
{"logTime": "0930/174002", "level": "INFO", "message": "Preference changed: name=extensions.chrome_url_overrides, new_value=[object], source=unknown"}
{"logTime": "0930/174002", "level": "INFO", "message": "Preference changed: name=sessions.session_data_status, new_value=1, source=unknown"}
{"logTime": "0930/174002", "level": "INFO", "message": "Preference changed: name=sessions.event_log, new_value=[object], source=unknown"}
{"logTime": "0930/174002", "level": "INFO", "message": "Preference changed: name=optimization_guide.previously_registered_optimization_types, new_value=[object], source=unknown"}
{"logTime": "0930/174002", "level": "INFO", "message": "Preference changed: name=optimization_guide.previously_registered_optimization_types, new_value=[object], source=unknown"}
{"logTime": "0930/174002", "level": "INFO", "message": "Preference changed: name=optimization_guide.previously_registered_optimization_types, new_value=[object], source=unknown"}
{"logTime": "0930/174002", "level": "INFO", "message": "Preference changed: name=optimization_guide.previously_registered_optimization_types, new_value=[object], source=unknown"}
{"logTime": "0930/174002", "level": "INFO", "message": "Preference changed: name=optimization_guide.previously_registered_optimization_types, new_value=[object], source=unknown"}
{"logTime": "0930/174002", "level": "INFO", "message": "Preference changed: name=profile.network_pbs, new_value=[object], source=unknown"}
{"logTime": "0930/174002", "level": "INFO", "message": "Preference changed: name=profile.password_hash_data_list, new_value=[object], source=unknown"}
{"logTime": "0930/174002", "level": "INFO", "message": "Preference changed: name=schedule_to_flush_to_disk, new_value=\"13435263602546394\", source=unknown"}
{"logTime": "0930/174002", "level": "INFO", "message": "Preference changed: name=schedule_to_flush_to_disk, new_value=\"13435263602547141\", source=unknown"}
{"logTime": "0930/174002", "level": "INFO", "message": "Preference changed: name=edge.services.signin_scoped_device_id, new_value=\"3f8a160c-df81-4870-9536-eeb1e9894145\", source=unknown"}
{"logTime": "0930/174002", "level": "INFO", "message": "Preference changed: name=optimization_guide.previously_registered_optimization_types, new_value=[object], source=unknown"}
{"logTime": "0930/174002", "level": "INFO", "message": "Preference changed: name=extensions.chrome_url_overrides, new_value=[object], source=unknown"}
{"logTime": "0930/174002", "level": "INFO", "message": "Preference changed: name=autofill.credit_card_enabled, new_value=false, source=unknown"}
{"logTime": "0930/174002", "level": "INFO", "message": "Preference changed: name=enable_edge_collections, new_value=false, source=unknown"}
{"logTime": "0930/174002", "level": "INFO", "message": "Preference changed: name=resolve_navigation_errors_use_web_service.enabled, new_value=false, source=unknown"}
{"logTime": "0930/174002", "level": "INFO", "message": "Preference changed: name=alternate_error_pages.enabled, new_value=false, source=unknown"}
{"logTime": "0930/174002", "level": "INFO", "message": "Preference changed: name=optimization_guide.previously_registered_optimization_types, new_value=[object], source=unknown"}
{"logTime": "0930/174002", "level": "INFO", "message": "Preference changed: name=in_product_help.session_last_active_time, new_value=\"13435263602603310\", source=unknown"}
{"logTime": "0930/174002", "level": "INFO", "message": "Preference changed: name=optimization_guide.previously_registered_optimization_types, new_value=[object], source=unknown"}
{"logTime": "0930/174002", "level": "INFO", "message": "Preference changed: name=profile.content_settings.exceptions.storage_access_header_origin_trial, new_value=[object], source=unknown"}
{"logTime": "0930/174002", "level": "INFO", "message": "Preference changed: name=sessions.session_data_status, new_value=2, source=unknown"}
{"logTime": "0930/174002", "level": "INFO", "message": "Preference changed: name=sessions.session_data_status, new_value=3, source=unknown"}
{"logTime": "0930/174002", "level": "INFO", "message": "Preference changed: name=sessions.event_log, new_value=[object], source=unknown"}
{"logTime": "0930/174019", "level": "INFO", "message": "UserPrefStore loaded: error=NONE (0)"}
{"logTime": "0930/174019", "level": "INFO", "message": "Preference changed: name=optimization_guide.previously_registered_optimization_types, new_value=[object], source=unknown"}
{"logTime": "0930/174019", "level": "INFO", "message": "Preference changed: name=extensions.chrome_url_overrides, new_value=[object], source=unknown"}
{"logTime": "0930/174019", "level": "INFO", "message": "Preference changed: name=sessions.session_data_status, new_value=1, source=unknown"}
{"logTime": "0930/174019", "level": "INFO", "message": "Preference changed: name=sessions.event_log, new_value=[object], source=unknown"}
{"logTime": "0930/174019", "level": "INFO", "message": "Preference changed: name=optimization_guide.previously_registered_optimization_types, new_value=[object], source=unknown"}
{"logTime": "0930/174019", "level": "INFO", "message": "Preference changed: name=optimization_guide.previously_registered_optimization_types, new_value=[object], source=unknown"}
{"logTime": "0930/174019", "level": "INFO", "message": "Preference changed: name=optimization_guide.previously_registered_optimization_types, new_value=[object], source=unknown"}
{"logTime": "0930/174019", "level": "INFO", "message": "Preference changed: name=optimization_guide.previously_registered_optimization_types, new_value=[object], source=unknown"}
{"logTime": "0930/174019", "level": "INFO", "message": "Preference changed: name=optimization_guide.previously_registered_optimization_types, new_value=[object], source=unknown"}
{"logTime": "0930/174019", "level": "INFO", "message": "Preference changed: name=profile.network_pbs, new_value=[object], source=unknown"}
{"logTime": "0930/174019", "level": "INFO", "message": "Preference changed: name=profile.password_hash_data_list, new_value=[object], source=unknown"}
{"logTime": "0930/174019", "level": "INFO", "message": "Preference changed: name=schedule_to_flush_to_disk, new_value=\"13435263619526667\", source=unknown"}
{"logTime": "0930/174019", "level": "INFO", "message": "Preference changed: name=schedule_to_flush_to_disk, new_value=\"13435263619527144\", source=unknown"}
{"logTime": "0930/174019", "level": "INFO", "message": "Preference changed: name=edge.services.signin_scoped_device_id, new_value=\"2f9a2b0d-a173-42af-a95e-609ced7a2e15\", source=unknown"}
{"logTime": "0930/174019", "level": "INFO", "message": "Preference changed: name=optimization_guide.previously_registered_optimization_types, new_value=[object], source=unknown"}
{"logTime": "0930/174019", "level": "INFO", "message": "Preference changed: name=extensions.chrome_url_overrides, new_value=[object], source=unknown"}
{"logTime": "0930/174019", "level": "INFO", "message": "Preference changed: name=autofill.credit_card_enabled, new_value=false, source=unknown"}
{"logTime": "0930/174019", "level": "INFO", "message": "Preference changed: name=enable_edge_collections, new_value=false, source=unknown"}
{"logTime": "0930/174019", "level": "INFO", "message": "Preference changed: name=resolve_navigation_errors_use_web_service.enabled, new_value=false, source=unknown"}
{"logTime": "0930/174019", "level": "INFO", "message": "Preference changed: name=alternate_error_pages.enabled, new_value=false, source=unknown"}
{"logTime": "0930/174019", "level": "INFO", "message": "Preference changed: name=optimization_guide.previously_registered_optimization_types, new_value=[object], source=unknown"}
{"logTime": "0930/174019", "level": "INFO", "message": "Preference changed: name=in_product_help.session_last_active_time, new_value=\"13435263619555814\", source=unknown"}
{"logTime": "0930/174019", "level": "INFO", "message": "Preference changed: name=optimization_guide.previously_registered_optimization_types, new_value=[object], source=unknown"}
{"logTime": "0930/174019", "level": "INFO", "message": "Preference changed: name=profile.content_settings.exceptions.storage_access_header_origin_trial, new_value=[object], source=unknown"}
{"logTime": "0930/174019", "level": "INFO", "message": "Preference changed: name=edge_rewards.coachmark_promotions, new_value=[object], source=unknown"}
{"logTime": "0930/174019", "level": "INFO", "message": "Preference changed: name=edge_rewards.hva_promotions, new_value=[object], source=unknown"}
{"logTime": "0930/174029", "level": "INFO", "message": "PrefStore write completed: store=4, success=true"}
{"logTime": "0930/174029", "level": "INFO", "message": "PrefStore write completed: store=4, success=true"}
{"logTime": "0930/174122", "level": "INFO", "message": "Preference changed: name=sessions.session_data_status, new_value=2, source=unknown"}
{"logTime": "0930/174122", "level": "INFO", "message": "Preference changed: name=sessions.session_data_status, new_value=3, source=unknown"}
{"logTime": "0930/174122", "level": "INFO", "message": "Preference changed: name=sessions.event_log, new_value=[object], source=unknown"}
{"logTime": "0930/174608", "level": "INFO", "message": "UserPrefStore loaded: error=NONE (0)"}
{"logTime": "0930/174608", "level": "INFO", "message": "Preference changed: name=optimization_guide.previously_registered_optimization_types, new_value=[object], source=unknown"}
{"logTime": "0930/174608", "level": "INFO", "message": "Preference changed: name=extensions.chrome_url_overrides, new_value=[object], source=unknown"}
{"logTime": "0930/174608", "level": "INFO", "message": "Preference changed: name=sessions.session_data_status, new_value=1, source=unknown"}
{"logTime": "0930/174608", "level": "INFO", "message": "Preference changed: name=sessions.event_log, new_value=[object], source=unknown"}
{"logTime": "0930/174608", "level": "INFO", "message": "Preference changed: name=optimization_guide.previously_registered_optimization_types, new_value=[object], source=unknown"}
{"logTime": "0930/174608", "level": "INFO", "message": "Preference changed: name=optimization_guide.previously_registered_optimization_types, new_value=[object], source=unknown"}
{"logTime": "0930/174608", "level": "INFO", "message": "Preference changed: name=optimization_guide.previously_registered_optimization_types, new_value=[object], source=unknown"}
{"logTime": "0930/174608", "level": "INFO", "message": "Preference changed: name=optimization_guide.previously_registered_optimization_types, new_value=[object], source=unknown"}
{"logTime": "0930/174608", "level": "INFO", "message": "Preference changed: name=optimization_guide.previously_registered_optimization_types, new_value=[object], source=unknown"}
{"logTime": "0930/174608", "level": "INFO", "message": "Preference changed: name=profile.network_pbs, new_value=[object], source=unknown"}
{"logTime": "0930/174608", "level": "INFO", "message": "Preference changed: name=profile.password_hash_data_list, new_value=[object], source=unknown"}
{"logTime": "0930/174608", "level": "INFO", "message": "Preference changed: name=schedule_to_flush_to_disk, new_value=\"13435263968374193\", source=unknown"}
{"logTime": "0930/174608", "level": "INFO", "message": "Preference changed: name=schedule_to_flush_to_disk, new_value=\"13435263968374705\", source=unknown"}
{"logTime": "0930/174608", "level": "INFO", "message": "Preference changed: name=edge.services.signin_scoped_device_id, new_value=\"c921c1a1-36bb-4c2a-abfe-a01701691361\", source=unknown"}
{"logTime": "0930/174608", "level": "INFO", "message": "Preference changed: name=optimization_guide.previously_registered_optimization_types, new_value=[object], source=unknown"}
{"logTime": "0930/174608", "level": "INFO", "message": "Preference changed: name=extensions.chrome_url_overrides, new_value=[object], source=unknown"}
{"logTime": "0930/174608", "level": "INFO", "message": "Preference changed: name=autofill.credit_card_enabled, new_value=false, source=unknown"}
{"logTime": "0930/174608", "level": "INFO", "message": "Preference changed: name=enable_edge_collections, new_value=false, source=unknown"}
{"logTime": "0930/174608", "level": "INFO", "message": "Preference changed: name=resolve_navigation_errors_use_web_service.enabled, new_value=false, source=unknown"}
{"logTime": "0930/174608", "level": "INFO", "message": "Preference changed: name=alternate_error_pages.enabled, new_value=false, source=unknown"}
{"logTime": "0930/174608", "level": "INFO", "message": "Preference changed: name=optimization_guide.previously_registered_optimization_types, new_value=[object], source=unknown"}
{"logTime": "0930/174608", "level": "INFO", "message": "Preference changed: name=in_product_help.session_last_active_time, new_value=\"13435263968407798\", source=unknown"}
{"logTime": "0930/174608", "level": "INFO", "message": "Preference changed: name=optimization_guide.previously_registered_optimization_types, new_value=[object], source=unknown"}
{"logTime": "0930/174608", "level": "INFO", "message": "Preference changed: name=profile.content_settings.exceptions.storage_access_header_origin_trial, new_value=[object], source=unknown"}
{"logTime": "0930/174608", "level": "INFO", "message": "Preference changed: name=edge_rewards.coachmark_promotions, new_value=[object], source=unknown"}
{"logTime": "0930/174608", "level": "INFO", "message": "Preference changed: name=edge_rewards.hva_promotions, new_value=[object], source=unknown"}
{"logTime": "0930/174618", "level": "INFO", "message": "PrefStore write completed: store=4, success=true"}
{"logTime": "0930/174618", "level": "INFO", "message": "PrefStore write completed: store=4, success=true"}
{"logTime": "0930/175042", "level": "INFO", "message": "Preference changed: name=sessions.session_data_status, new_value=2, source=unknown"}
{"logTime": "0930/175042", "level": "INFO", "message": "Preference changed: name=sessions.session_data_status, new_value=3, source=unknown"}
{"logTime": "0930/175042", "level": "INFO", "message": "Preference changed: name=sessions.event_log, new_value=[object], source=unknown"}
{"logTime": "0930/175123", "level": "INFO", "message": "UserPrefStore loaded: error=NONE (0)"}
{"logTime": "0930/175123", "level": "INFO", "message": "Preference changed: name=optimization_guide.previously_registered_optimization_types, new_value=[object], source=unknown"}
{"logTime": "0930/175123", "level": "INFO", "message": "Preference changed: name=extensions.chrome_url_overrides, new_value=[object], source=unknown"}
{"logTime": "0930/175123", "level": "INFO", "message": "Preference changed: name=sessions.session_data_status, new_value=1, source=unknown"}
{"logTime": "0930/175123", "level": "INFO", "message": "Preference changed: name=sessions.event_log, new_value=[object], source=unknown"}
{"logTime": "0930/175123", "level": "INFO", "message": "Preference changed: name=optimization_guide.previously_registered_optimization_types, new_value=[object], source=unknown"}
{"logTime": "0930/175123", "level": "INFO", "message": "Preference changed: name=optimization_guide.previously_registered_optimization_types, new_value=[object], source=unknown"}
{"logTime": "0930/175123", "level": "INFO", "message": "Preference changed: name=optimization_guide.previously_registered_optimization_types, new_value=[object], source=unknown"}
{"logTime": "0930/175123", "level": "INFO", "message": "Preference changed: name=optimization_guide.previously_registered_optimization_types, new_value=[object], source=unknown"}
{"logTime": "0930/175123", "level": "INFO", "message": "Preference changed: name=optimization_guide.previously_registered_optimization_types, new_value=[object], source=unknown"}
{"logTime": "0930/175123", "level": "INFO", "message": "Preference changed: name=profile.network_pbs, new_value=[object], source=unknown"}
{"logTime": "0930/175123", "level": "INFO", "message": "Preference changed: name=profile.password_hash_data_list, new_value=[object], source=unknown"}
{"logTime": "0930/175123", "level": "INFO", "message": "Preference changed: name=schedule_to_flush_to_disk, new_value=\"13435264283337912\", source=unknown"}
{"logTime": "0930/175123", "level": "INFO", "message": "Preference changed: name=schedule_to_flush_to_disk, new_value=\"13435264283338362\", source=unknown"}
{"logTime": "0930/175123", "level": "INFO", "message": "Preference changed: name=edge.services.signin_scoped_device_id, new_value=\"2bc9053b-827c-4c43-ba07-abc447a5d256\", source=unknown"}
{"logTime": "0930/175123", "level": "INFO", "message": "Preference changed: name=optimization_guide.previously_registered_optimization_types, new_value=[object], source=unknown"}
{"logTime": "0930/175123", "level": "INFO", "message": "Preference changed: name=extensions.chrome_url_overrides, new_value=[object], source=unknown"}
{"logTime": "0930/175123", "level": "INFO", "message": "Preference changed: name=autofill.credit_card_enabled, new_value=false, source=unknown"}
{"logTime": "0930/175123", "level": "INFO", "message": "Preference changed: name=enable_edge_collections, new_value=false, source=unknown"}
{"logTime": "0930/175123", "level": "INFO", "message": "Preference changed: name=resolve_navigation_errors_use_web_service.enabled, new_value=false, source=unknown"}
{"logTime": "0930/175123", "level": "INFO", "message": "Preference changed: name=alternate_error_pages.enabled, new_value=false, source=unknown"}
{"logTime": "0930/175123", "level": "INFO", "message": "Preference changed: name=optimization_guide.previously_registered_optimization_types, new_value=[object], source=unknown"}
{"logTime": "0930/175123", "level": "INFO", "message": "Preference changed: name=in_product_help.session_last_active_time, new_value=\"13435264283369082\", source=unknown"}
{"logTime": "0930/175123", "level": "INFO", "message": "Preference changed: name=optimization_guide.previously_registered_optimization_types, new_value=[object], source=unknown"}
{"logTime": "0930/175123", "level": "INFO", "message": "Preference changed: name=profile.content_settings.exceptions.storage_access_header_origin_trial, new_value=[object], source=unknown"}
{"logTime": "0930/175123", "level": "INFO", "message": "Preference changed: name=edge_rewards.coachmark_promotions, new_value=[object], source=unknown"}
{"logTime": "0930/175123", "level": "INFO", "message": "Preference changed: name=edge_rewards.hva_promotions, new_value=[object], source=unknown"}
{"logTime": "0930/175127", "level": "INFO", "message": "Preference changed: name=sessions.session_data_status, new_value=2, source=unknown"}
{"logTime": "0930/175127", "level": "INFO", "message": "Preference changed: name=sessions.session_data_status, new_value=3, source=unknown"}
{"logTime": "0930/175127", "level": "INFO", "message": "Preference changed: name=sessions.event_log, new_value=[object], source=unknown"}
{"logTime": "0930/175130", "level": "INFO", "message": "UserPrefStore loaded: error=NONE (0)"}
{"logTime": "0930/175130", "level": "INFO", "message": "Preference changed: name=optimization_guide.previously_registered_optimization_types, new_value=[object], source=unknown"}
{"logTime": "0930/175130", "level": "INFO", "message": "Preference changed: name=extensions.chrome_url_overrides, new_value=[object], source=unknown"}
{"logTime": "0930/175130", "level": "INFO", "message": "Preference changed: name=sessions.session_data_status, new_value=1, source=unknown"}
{"logTime": "0930/175130", "level": "INFO", "message": "Preference changed: name=sessions.event_log, new_value=[object], source=unknown"}
{"logTime": "0930/175130", "level": "INFO", "message": "Preference changed: name=optimization_guide.previously_registered_optimization_types, new_value=[object], source=unknown"}
{"logTime": "0930/175130", "level": "INFO", "message": "Preference changed: name=optimization_guide.previously_registered_optimization_types, new_value=[object], source=unknown"}
{"logTime": "0930/175130", "level": "INFO", "message": "Preference changed: name=optimization_guide.previously_registered_optimization_types, new_value=[object], source=unknown"}
{"logTime": "0930/175130", "level": "INFO", "message": "Preference changed: name=optimization_guide.previously_registered_optimization_types, new_value=[object], source=unknown"}
{"logTime": "0930/175130", "level": "INFO", "message": "Preference changed: name=optimization_guide.previously_registered_optimization_types, new_value=[object], source=unknown"}
{"logTime": "0930/175130", "level": "INFO", "message": "Preference changed: name=profile.network_pbs, new_value=[object], source=unknown"}
{"logTime": "0930/175130", "level": "INFO", "message": "Preference changed: name=profile.password_hash_data_list, new_value=[object], source=unknown"}
{"logTime": "0930/175130", "level": "INFO", "message": "Preference changed: name=schedule_to_flush_to_disk, new_value=\"13435264290546825\", source=unknown"}
{"logTime": "0930/175130", "level": "INFO", "message": "Preference changed: name=schedule_to_flush_to_disk, new_value=\"13435264290547295\", source=unknown"}
{"logTime": "0930/175130", "level": "INFO", "message": "Preference changed: name=edge.services.signin_scoped_device_id, new_value=\"f9c4e179-bc3a-4520-8355-83b83d106009\", source=unknown"}
{"logTime": "0930/175130", "level": "INFO", "message": "Preference changed: name=optimization_guide.previously_registered_optimization_types, new_value=[object], source=unknown"}
{"logTime": "0930/175130", "level": "INFO", "message": "Preference changed: name=extensions.chrome_url_overrides, new_value=[object], source=unknown"}
{"logTime": "0930/175130", "level": "INFO", "message": "Preference changed: name=autofill.credit_card_enabled, new_value=false, source=unknown"}
{"logTime": "0930/175130", "level": "INFO", "message": "Preference changed: name=enable_edge_collections, new_value=false, source=unknown"}
{"logTime": "0930/175130", "level": "INFO", "message": "Preference changed: name=resolve_navigation_errors_use_web_service.enabled, new_value=false, source=unknown"}
{"logTime": "0930/175130", "level": "INFO", "message": "Preference changed: name=alternate_error_pages.enabled, new_value=false, source=unknown"}
{"logTime": "0930/175130", "level": "INFO", "message": "Preference changed: name=optimization_guide.previously_registered_optimization_types, new_value=[object], source=unknown"}
{"logTime": "0930/175130", "level": "INFO", "message": "Preference changed: name=in_product_help.session_last_active_time, new_value=\"13435264290576833\", source=unknown"}
{"logTime": "0930/175130", "level": "INFO", "message": "Preference changed: name=optimization_guide.previously_registered_optimization_types, new_value=[object], source=unknown"}
{"logTime": "0930/175130", "level": "INFO", "message": "Preference changed: name=profile.content_settings.exceptions.storage_access_header_origin_trial, new_value=[object], source=unknown"}
{"logTime": "0930/175130", "level": "INFO", "message": "Preference changed: name=edge_rewards.coachmark_promotions, new_value=[object], source=unknown"}
{"logTime": "0930/175130", "level": "INFO", "message": "Preference changed: name=edge_rewards.hva_promotions, new_value=[object], source=unknown"}
{"logTime": "0930/175140", "level": "INFO", "message": "PrefStore write completed: store=4, success=true"}
{"logTime": "0930/175140", "level": "INFO", "message": "PrefStore write completed: store=4, success=true"}
{"logTime": "0930/175146", "level": "INFO", "message": "Preference changed: name=sessions.session_data_status, new_value=2, source=unknown"}
{"logTime": "0930/175146", "level": "INFO", "message": "Preference changed: name=sessions.session_data_status, new_value=3, source=unknown"}
{"logTime": "0930/175146", "level": "INFO", "message": "Preference changed: name=sessions.event_log, new_value=[object], source=unknown"}
{"logTime": "0930/175211", "level": "INFO", "message": "UserPrefStore loaded: error=NONE (0)"}
{"logTime": "0930/175211", "level": "INFO", "message": "Preference changed: name=optimization_guide.previously_registered_optimization_types, new_value=[object], source=unknown"}
{"logTime": "0930/175211", "level": "INFO", "message": "Preference changed: name=extensions.chrome_url_overrides, new_value=[object], source=unknown"}
{"logTime": "0930/175211", "level": "INFO", "message": "Preference changed: name=sessions.session_data_status, new_value=1, source=unknown"}
{"logTime": "0930/175211", "level": "INFO", "message": "Preference changed: name=sessions.event_log, new_value=[object], source=unknown"}
{"logTime": "0930/175211", "level": "INFO", "message": "Preference changed: name=optimization_guide.previously_registered_optimization_types, new_value=[object], source=unknown"}
{"logTime": "0930/175211", "level": "INFO", "message": "Preference changed: name=optimization_guide.previously_registered_optimization_types, new_value=[object], source=unknown"}
{"logTime": "0930/175211", "level": "INFO", "message": "Preference changed: name=optimization_guide.previously_registered_optimization_types, new_value=[object], source=unknown"}
{"logTime": "0930/175211", "level": "INFO", "message": "Preference changed: name=optimization_guide.previously_registered_optimization_types, new_value=[object], source=unknown"}
{"logTime": "0930/175211", "level": "INFO", "message": "Preference changed: name=optimization_guide.previously_registered_optimization_types, new_value=[object], source=unknown"}
{"logTime": "0930/175211", "level": "INFO", "message": "Preference changed: name=profile.network_pbs, new_value=[object], source=unknown"}
{"logTime": "0930/175211", "level": "INFO", "message": "Preference changed: name=profile.password_hash_data_list, new_value=[object], source=unknown"}
{"logTime": "0930/175211", "level": "INFO", "message": "Preference changed: name=schedule_to_flush_to_disk, new_value=\"13435264331677647\", source=unknown"}
{"logTime": "0930/175211", "level": "INFO", "message": "Preference changed: name=schedule_to_flush_to_disk, new_value=\"13435264331678311\", source=unknown"}
{"logTime": "0930/175211", "level": "INFO", "message": "Preference changed: name=edge.services.signin_scoped_device_id, new_value=\"ac9b269c-a8d4-44ad-910b-9b2db63da08b\", source=unknown"}
{"logTime": "0930/175211", "level": "INFO", "message": "Preference changed: name=optimization_guide.previously_registered_optimization_types, new_value=[object], source=unknown"}
{"logTime": "0930/175211", "level": "INFO", "message": "Preference changed: name=extensions.chrome_url_overrides, new_value=[object], source=unknown"}
{"logTime": "0930/175211", "level": "INFO", "message": "Preference changed: name=autofill.credit_card_enabled, new_value=false, source=unknown"}
{"logTime": "0930/175211", "level": "INFO", "message": "Preference changed: name=enable_edge_collections, new_value=false, source=unknown"}
{"logTime": "0930/175211", "level": "INFO", "message": "Preference changed: name=resolve_navigation_errors_use_web_service.enabled, new_value=false, source=unknown"}
{"logTime": "0930/175211", "level": "INFO", "message": "Preference changed: name=alternate_error_pages.enabled, new_value=false, source=unknown"}
{"logTime": "0930/175211", "level": "INFO", "message": "Preference changed: name=optimization_guide.previously_registered_optimization_types, new_value=[object], source=unknown"}
{"logTime": "0930/175211", "level": "INFO", "message": "Preference changed: name=in_product_help.session_last_active_time, new_value=\"13435264331711495\", source=unknown"}
{"logTime": "0930/175211", "level": "INFO", "message": "Preference changed: name=optimization_guide.previously_registered_optimization_types, new_value=[object], source=unknown"}
{"logTime": "0930/175211", "level": "INFO", "message": "Preference changed: name=profile.content_settings.exceptions.storage_access_header_origin_trial, new_value=[object], source=unknown"}
{"logTime": "0930/175211", "level": "INFO", "message": "Preference changed: name=edge_rewards.coachmark_promotions, new_value=[object], source=unknown"}
{"logTime": "0930/175211", "level": "INFO", "message": "Preference changed: name=edge_rewards.hva_promotions, new_value=[object], source=unknown"}
{"logTime": "0930/175221", "level": "INFO", "message": "PrefStore write completed: store=4, success=true"}
{"logTime": "0930/175221", "level": "INFO", "message": "PrefStore write completed: store=4, success=true"}
{"logTime": "0930/175322", "level": "INFO", "message": "Preference changed: name=language_dwell_time_average, new_value=[object], source=unknown"}
{"logTime": "0930/175322", "level": "INFO", "message": "Preference changed: name=language_usage_count, new_value=[object], source=unknown"}
{"logTime": "0930/175322", "level": "INFO", "message": "Preference changed: name=language_model_counters, new_value=[object], source=unknown"}
{"logTime": "0930/175332", "level": "INFO", "message": "Preference changed: name=sessions.session_data_status, new_value=2, source=unknown"}
{"logTime": "0930/175332", "level": "INFO", "message": "Preference changed: name=sessions.session_data_status, new_value=3, source=unknown"}
{"logTime": "0930/175332", "level": "INFO", "message": "Preference changed: name=sessions.event_log, new_value=[object], source=unknown"}
{"logTime": "0930/175617", "level": "INFO", "message": "UserPrefStore loaded: error=NONE (0)"}
{"logTime": "0930/175617", "level": "INFO", "message": "Preference changed: name=optimization_guide.previously_registered_optimization_types, new_value=[object], source=unknown"}
{"logTime": "0930/175617", "level": "INFO", "message": "Preference changed: name=extensions.chrome_url_overrides, new_value=[object], source=unknown"}
{"logTime": "0930/175617", "level": "INFO", "message": "Preference changed: name=sessions.session_data_status, new_value=1, source=unknown"}
{"logTime": "0930/175617", "level": "INFO", "message": "Preference changed: name=sessions.event_log, new_value=[object], source=unknown"}
{"logTime": "0930/175617", "level": "INFO", "message": "Preference changed: name=optimization_guide.previously_registered_optimization_types, new_value=[object], source=unknown"}
{"logTime": "0930/175617", "level": "INFO", "message": "Preference changed: name=optimization_guide.previously_registered_optimization_types, new_value=[object], source=unknown"}
{"logTime": "0930/175617", "level": "INFO", "message": "Preference changed: name=optimization_guide.previously_registered_optimization_types, new_value=[object], source=unknown"}
{"logTime": "0930/175617", "level": "INFO", "message": "Preference changed: name=optimization_guide.previously_registered_optimization_types, new_value=[object], source=unknown"}
{"logTime": "0930/175617", "level": "INFO", "message": "Preference changed: name=optimization_guide.previously_registered_optimization_types, new_value=[object], source=unknown"}
{"logTime": "0930/175617", "level": "INFO", "message": "Preference changed: name=profile.network_pbs, new_value=[object], source=unknown"}
{"logTime": "0930/175617", "level": "INFO", "message": "Preference changed: name=profile.password_hash_data_list, new_value=[object], source=unknown"}
{"logTime": "0930/175617", "level": "INFO", "message": "Preference changed: name=schedule_to_flush_to_disk, new_value=\"13435264577234847\", source=unknown"}
{"logTime": "0930/175617", "level": "INFO", "message": "Preference changed: name=schedule_to_flush_to_disk, new_value=\"13435264577237440\", source=unknown"}
{"logTime": "0930/175617", "level": "INFO", "message": "Preference changed: name=extensions.chrome_url_overrides, new_value=[object], source=unknown"}
{"logTime": "0930/175617", "level": "INFO", "message": "Preference changed: name=edge.services.signin_scoped_device_id, new_value=\"7b4e073f-dd33-4199-8e71-b9c4bc70905c\", source=unknown"}
{"logTime": "0930/175617", "level": "INFO", "message": "Preference changed: name=optimization_guide.previously_registered_optimization_types, new_value=[object], source=unknown"}
{"logTime": "0930/175617", "level": "INFO", "message": "Preference changed: name=autofill.credit_card_enabled, new_value=false, source=unknown"}
{"logTime": "0930/175617", "level": "INFO", "message": "Preference changed: name=enable_edge_collections, new_value=false, source=unknown"}
{"logTime": "0930/175617", "level": "INFO", "message": "Preference changed: name=resolve_navigation_errors_use_web_service.enabled, new_value=false, source=unknown"}
{"logTime": "0930/175617", "level": "INFO", "message": "Preference changed: name=alternate_error_pages.enabled, new_value=false, source=unknown"}
{"logTime": "0930/175617", "level": "INFO", "message": "Preference changed: name=optimization_guide.previously_registered_optimization_types, new_value=[object], source=unknown"}
{"logTime": "0930/175617", "level": "INFO", "message": "Preference changed: name=in_product_help.session_last_active_time, new_value=\"13435264577289015\", source=unknown"}
{"logTime": "0930/175617", "level": "INFO", "message": "Preference changed: name=optimization_guide.previously_registered_optimization_types, new_value=[object], source=unknown"}
{"logTime": "0930/175617", "level": "INFO", "message": "Preference changed: name=profile.content_settings.exceptions.storage_access_header_origin_trial, new_value=[object], source=unknown"}
{"logTime": "0930/175617", "level": "INFO", "message": "Preference changed: name=edge_rewards.coachmark_promotions, new_value=[object], source=unknown"}
{"logTime": "0930/175617", "level": "INFO", "message": "Preference changed: name=edge_rewards.hva_promotions, new_value=[object], source=unknown"}
{"logTime": "0930/175627", "level": "INFO", "message": "PrefStore write completed: store=4, success=true"}
{"logTime": "0930/175627", "level": "INFO", "message": "PrefStore write completed: store=4, success=true"}
{"logTime": "0930/175719", "level": "INFO", "message": "Preference changed: name=language_model_counters, new_value=[object], source=unknown"}
{"logTime": "0930/175900", "level": "INFO", "message": "Preference changed: name=sessions.event_log, new_value=[object], source=unknown"}
{"logTime": "0930/175910", "level": "INFO", "message": "PrefStore write completed: store=4, success=true"}
{"logTime": "0930/180553", "level": "INFO", "message": "Preference changed: name=sessions.session_data_status, new_value=2, source=unknown"}
{"logTime": "0930/180553", "level": "INFO", "message": "Preference changed: name=sessions.session_data_status, new_value=3, source=unknown"}
{"logTime": "0930/180640", "level": "INFO", "message": "UserPrefStore loaded: error=NONE (0)"}
{"logTime": "0930/180640", "level": "INFO", "message": "Preference changed: name=optimization_guide.previously_registered_optimization_types, new_value=[object], source=unknown"}
{"logTime": "0930/180640", "level": "INFO", "message": "Preference changed: name=extensions.chrome_url_overrides, new_value=[object], source=unknown"}
{"logTime": "0930/180640", "level": "INFO", "message": "Preference changed: name=sessions.session_data_status, new_value=1, source=unknown"}
{"logTime": "0930/180640", "level": "INFO", "message": "Preference changed: name=sessions.event_log, new_value=[object], source=unknown"}
{"logTime": "0930/180640", "level": "INFO", "message": "Preference changed: name=optimization_guide.previously_registered_optimization_types, new_value=[object], source=unknown"}
{"logTime": "0930/180640", "level": "INFO", "message": "Preference changed: name=optimization_guide.previously_registered_optimization_types, new_value=[object], source=unknown"}
{"logTime": "0930/180640", "level": "INFO", "message": "Preference changed: name=optimization_guide.previously_registered_optimization_types, new_value=[object], source=unknown"}
{"logTime": "0930/180640", "level": "INFO", "message": "Preference changed: name=optimization_guide.previously_registered_optimization_types, new_value=[object], source=unknown"}
{"logTime": "0930/180640", "level": "INFO", "message": "Preference changed: name=optimization_guide.previously_registered_optimization_types, new_value=[object], source=unknown"}
{"logTime": "0930/180640", "level": "INFO", "message": "Preference changed: name=profile.network_pbs, new_value=[object], source=unknown"}
{"logTime": "0930/180640", "level": "INFO", "message": "Preference changed: name=profile.password_hash_data_list, new_value=[object], source=unknown"}
{"logTime": "0930/180640", "level": "INFO", "message": "Preference changed: name=schedule_to_flush_to_disk, new_value=\"13435265200867420\", source=unknown"}
{"logTime": "0930/180640", "level": "INFO", "message": "Preference changed: name=schedule_to_flush_to_disk, new_value=\"13435265200868096\", source=unknown"}
{"logTime": "0930/180640", "level": "INFO", "message": "Preference changed: name=edge.services.signin_scoped_device_id, new_value=\"0af0cffc-6731-40a7-9bd8-37b8e1b79378\", source=unknown"}
{"logTime": "0930/180640", "level": "INFO", "message": "Preference changed: name=optimization_guide.previously_registered_optimization_types, new_value=[object], source=unknown"}
{"logTime": "0930/180640", "level": "INFO", "message": "Preference changed: name=extensions.chrome_url_overrides, new_value=[object], source=unknown"}
{"logTime": "0930/180640", "level": "INFO", "message": "Preference changed: name=autofill.credit_card_enabled, new_value=false, source=unknown"}
{"logTime": "0930/180640", "level": "INFO", "message": "Preference changed: name=enable_edge_collections, new_value=false, source=unknown"}
{"logTime": "0930/180640", "level": "INFO", "message": "Preference changed: name=resolve_navigation_errors_use_web_service.enabled, new_value=false, source=unknown"}
{"logTime": "0930/180640", "level": "INFO", "message": "Preference changed: name=alternate_error_pages.enabled, new_value=false, source=unknown"}
{"logTime": "0930/180640", "level": "INFO", "message": "Preference changed: name=optimization_guide.previously_registered_optimization_types, new_value=[object], source=unknown"}
{"logTime": "0930/180640", "level": "INFO", "message": "Preference changed: name=in_product_help.session_last_active_time, new_value=\"13435265200896928\", source=unknown"}
{"logTime": "0930/180640", "level": "INFO", "message": "Preference changed: name=optimization_guide.previously_registered_optimization_types, new_value=[object], source=unknown"}
{"logTime": "0930/180640", "level": "INFO", "message": "Preference changed: name=profile.content_settings.exceptions.storage_access_header_origin_trial, new_value=[object], source=unknown"}
{"logTime": "0930/180640", "level": "INFO", "message": "Preference changed: name=edge_rewards.coachmark_promotions, new_value=[object], source=unknown"}
{"logTime": "0930/180640", "level": "INFO", "message": "Preference changed: name=edge_rewards.hva_promotions, new_value=[object], source=unknown"}
{"logTime": "0930/180650", "level": "INFO", "message": "PrefStore write completed: store=4, success=true"}
{"logTime": "0930/180650", "level": "INFO", "message": "PrefStore write completed: store=4, success=true"}
{"logTime": "0930/180918", "level": "INFO", "message": "Preference changed: name=sessions.event_log, new_value=[object], source=unknown"}
{"logTime": "0930/180926", "level": "INFO", "message": "Preference changed: name=language_model_counters, new_value=[object], source=unknown"}
{"logTime": "0930/180928", "level": "INFO", "message": "PrefStore write completed: store=4, success=true"}
{"logTime": "0930/181034", "level": "INFO", "message": "Preference changed: name=language_dwell_time_average, new_value=[object], source=unknown"}
{"logTime": "0930/181034", "level": "INFO", "message": "Preference changed: name=language_usage_count, new_value=[object], source=unknown"}
{"logTime": "0930/181034", "level": "INFO", "message": "Preference changed: name=language_model_counters, new_value=[object], source=unknown"}
{"logTime": "0930/181044", "level": "INFO", "message": "PrefStore write completed: store=4, success=true"}
{"logTime": "0930/181633", "level": "INFO", "message": "Preference changed: name=language_dwell_time_average, new_value=[object], source=unknown"}
{"logTime": "0930/181633", "level": "INFO", "message": "Preference changed: name=language_usage_count, new_value=[object], source=unknown"}
{"logTime": "0930/181633", "level": "INFO", "message": "Preference changed: name=language_model_counters, new_value=[object], source=unknown"}
{"logTime": "0930/181640", "level": "INFO", "message": "Preference changed: name=language_model_counters, new_value=[object], source=unknown"}
{"logTime": "0930/181643", "level": "INFO", "message": "PrefStore write completed: store=4, success=true"}
{"logTime": "0930/182206", "level": "INFO", "message": "Preference changed: name=profile.content_settings.exceptions.site_engagement, new_value=[object], source=unknown"}
{"logTime": "0930/182206", "level": "INFO", "message": "Preference changed: name=profile.last_engagement_time, new_value=\"13435237326706476\", source=unknown"}
{"logTime": "0930/183802", "level": "INFO", "message": "Preference changed: name=language_dwell_time_average, new_value=[object], source=unknown"}
{"logTime": "0930/183802", "level": "INFO", "message": "Preference changed: name=language_usage_count, new_value=[object], source=unknown"}
{"logTime": "0930/183802", "level": "INFO", "message": "Preference changed: name=language_model_counters, new_value=[object], source=unknown"}
{"logTime": "0930/183812", "level": "INFO", "message": "PrefStore write completed: store=4, success=true"}
{"logTime": "0930/184213", "level": "INFO", "message": "Preference changed: name=language_dwell_time_average, new_value=[object], source=unknown"}
{"logTime": "0930/184213", "level": "INFO", "message": "Preference changed: name=language_usage_count, new_value=[object], source=unknown"}
{"logTime": "0930/184213", "level": "INFO", "message": "Preference changed: name=language_model_counters, new_value=[object], source=unknown"}
{"logTime": "0930/184217", "level": "INFO", "message": "Preference changed: name=language_model_counters, new_value=[object], source=unknown"}
{"logTime": "0930/184223", "level": "INFO", "message": "PrefStore write completed: store=4, success=true"}
{"logTime": "0930/185033", "level": "INFO", "message": "Preference changed: name=language_model_counters, new_value=[object], source=unknown"}
{"logTime": "0930/185356", "level": "INFO", "message": "Preference changed: name=language_dwell_time_average, new_value=[object], source=unknown"}
{"logTime": "0930/185356", "level": "INFO", "message": "Preference changed: name=language_usage_count, new_value=[object], source=unknown"}
{"logTime": "0930/185356", "level": "INFO", "message": "Preference changed: name=language_model_counters, new_value=[object], source=unknown"}
{"logTime": "0930/185406", "level": "INFO", "message": "PrefStore write completed: store=4, success=true"}
{"logTime": "0930/185712", "level": "INFO", "message": "Preference changed: name=sessions.session_data_status, new_value=2, source=unknown"}
{"logTime": "0930/185712", "level": "INFO", "message": "Preference changed: name=sessions.session_data_status, new_value=3, source=unknown"}
{"logTime": "0930/190401", "level": "INFO", "message": "UserPrefStore loaded: error=NONE (0)"}
{"logTime": "0930/190401", "level": "INFO", "message": "Preference changed: name=optimization_guide.previously_registered_optimization_types, new_value=[object], source=unknown"}
{"logTime": "0930/190401", "level": "INFO", "message": "Preference changed: name=extensions.chrome_url_overrides, new_value=[object], source=unknown"}
{"logTime": "0930/190401", "level": "INFO", "message": "Preference changed: name=sessions.session_data_status, new_value=1, source=unknown"}
{"logTime": "0930/190401", "level": "INFO", "message": "Preference changed: name=sessions.event_log, new_value=[object], source=unknown"}
{"logTime": "0930/190401", "level": "INFO", "message": "Preference changed: name=optimization_guide.previously_registered_optimization_types, new_value=[object], source=unknown"}
{"logTime": "0930/190401", "level": "INFO", "message": "Preference changed: name=optimization_guide.previously_registered_optimization_types, new_value=[object], source=unknown"}
{"logTime": "0930/190401", "level": "INFO", "message": "Preference changed: name=optimization_guide.previously_registered_optimization_types, new_value=[object], source=unknown"}
{"logTime": "0930/190401", "level": "INFO", "message": "Preference changed: name=optimization_guide.previously_registered_optimization_types, new_value=[object], source=unknown"}
{"logTime": "0930/190401", "level": "INFO", "message": "Preference changed: name=optimization_guide.previously_registered_optimization_types, new_value=[object], source=unknown"}
{"logTime": "0930/190401", "level": "INFO", "message": "Preference changed: name=profile.network_pbs, new_value=[object], source=unknown"}
{"logTime": "0930/190401", "level": "INFO", "message": "Preference changed: name=profile.password_hash_data_list, new_value=[object], source=unknown"}
{"logTime": "0930/190401", "level": "INFO", "message": "Preference changed: name=schedule_to_flush_to_disk, new_value=\"13435268641755470\", source=unknown"}
{"logTime": "0930/190401", "level": "INFO", "message": "Preference changed: name=schedule_to_flush_to_disk, new_value=\"13435268641756128\", source=unknown"}
{"logTime": "0930/190401", "level": "INFO", "message": "Preference changed: name=edge.services.signin_scoped_device_id, new_value=\"3fdd9ab6-4b32-45cc-bbbd-d4fb7dc0f31e\", source=unknown"}
{"logTime": "0930/190401", "level": "INFO", "message": "Preference changed: name=optimization_guide.previously_registered_optimization_types, new_value=[object], source=unknown"}
{"logTime": "0930/190401", "level": "INFO", "message": "Preference changed: name=extensions.chrome_url_overrides, new_value=[object], source=unknown"}
{"logTime": "0930/190401", "level": "INFO", "message": "Preference changed: name=autofill.credit_card_enabled, new_value=false, source=unknown"}
{"logTime": "0930/190401", "level": "INFO", "message": "Preference changed: name=enable_edge_collections, new_value=false, source=unknown"}
{"logTime": "0930/190401", "level": "INFO", "message": "Preference changed: name=resolve_navigation_errors_use_web_service.enabled, new_value=false, source=unknown"}
{"logTime": "0930/190401", "level": "INFO", "message": "Preference changed: name=alternate_error_pages.enabled, new_value=false, source=unknown"}
{"logTime": "0930/190401", "level": "INFO", "message": "Preference changed: name=optimization_guide.previously_registered_optimization_types, new_value=[object], source=unknown"}
{"logTime": "0930/190401", "level": "INFO", "message": "Preference changed: name=in_product_help.session_last_active_time, new_value=\"13435268641788750\", source=unknown"}
{"logTime": "0930/190401", "level": "INFO", "message": "Preference changed: name=optimization_guide.previously_registered_optimization_types, new_value=[object], source=unknown"}
{"logTime": "0930/190401", "level": "INFO", "message": "Preference changed: name=profile.content_settings.exceptions.storage_access_header_origin_trial, new_value=[object], source=unknown"}
{"logTime": "0930/190401", "level": "INFO", "message": "Preference changed: name=edge_rewards.coachmark_promotions, new_value=[object], source=unknown"}
{"logTime": "0930/190401", "level": "INFO", "message": "Preference changed: name=edge_rewards.hva_promotions, new_value=[object], source=unknown"}
{"logTime": "0930/190411", "level": "INFO", "message": "PrefStore write completed: store=4, success=true"}
{"logTime": "0930/190411", "level": "INFO", "message": "PrefStore write completed: store=4, success=true"}
{"logTime": "0930/190424", "level": "INFO", "message": "Preference changed: name=sessions.event_log, new_value=[object], source=unknown"}
{"logTime": "0930/190434", "level": "INFO", "message": "PrefStore write completed: store=4, success=true"}
{"logTime": "0930/190617", "level": "INFO", "message": "Preference changed: name=language_dwell_time_average, new_value=[object], source=unknown"}
{"logTime": "0930/190617", "level": "INFO", "message": "Preference changed: name=language_usage_count, new_value=[object], source=unknown"}
{"logTime": "0930/190617", "level": "INFO", "message": "Preference changed: name=language_model_counters, new_value=[object], source=unknown"}
{"logTime": "0930/190627", "level": "INFO", "message": "PrefStore write completed: store=4, success=true"}
{"logTime": "0930/190705", "level": "INFO", "message": "Preference changed: name=language_dwell_time_average, new_value=[object], source=unknown"}
{"logTime": "0930/190705", "level": "INFO", "message": "Preference changed: name=language_usage_count, new_value=[object], source=unknown"}
{"logTime": "0930/190705", "level": "INFO", "message": "Preference changed: name=language_model_counters, new_value=[object], source=unknown"}
{"logTime": "0930/190715", "level": "INFO", "message": "PrefStore write completed: store=4, success=true"}
{"logTime": "0930/191945", "level": "INFO", "message": "Preference changed: name=sessions.session_data_status, new_value=2, source=unknown"}
{"logTime": "0930/191945", "level": "INFO", "message": "Preference changed: name=sessions.session_data_status, new_value=3, source=unknown"}
{"logTime": "0930/192132", "level": "INFO", "message": "UserPrefStore loaded: error=NONE (0)"}
{"logTime": "0930/192132", "level": "INFO", "message": "Preference changed: name=optimization_guide.previously_registered_optimization_types, new_value=[object], source=unknown"}
{"logTime": "0930/192132", "level": "INFO", "message": "Preference changed: name=extensions.chrome_url_overrides, new_value=[object], source=unknown"}
{"logTime": "0930/192132", "level": "INFO", "message": "Preference changed: name=sessions.session_data_status, new_value=1, source=unknown"}
{"logTime": "0930/192132", "level": "INFO", "message": "Preference changed: name=sessions.event_log, new_value=[object], source=unknown"}
{"logTime": "0930/192132", "level": "INFO", "message": "Preference changed: name=optimization_guide.previously_registered_optimization_types, new_value=[object], source=unknown"}
{"logTime": "0930/192132", "level": "INFO", "message": "Preference changed: name=optimization_guide.previously_registered_optimization_types, new_value=[object], source=unknown"}
{"logTime": "0930/192132", "level": "INFO", "message": "Preference changed: name=optimization_guide.previously_registered_optimization_types, new_value=[object], source=unknown"}
{"logTime": "0930/192132", "level": "INFO", "message": "Preference changed: name=optimization_guide.previously_registered_optimization_types, new_value=[object], source=unknown"}
{"logTime": "0930/192132", "level": "INFO", "message": "Preference changed: name=optimization_guide.previously_registered_optimization_types, new_value=[object], source=unknown"}
{"logTime": "0930/192132", "level": "INFO", "message": "Preference changed: name=profile.network_pbs, new_value=[object], source=unknown"}
{"logTime": "0930/192132", "level": "INFO", "message": "Preference changed: name=profile.password_hash_data_list, new_value=[object], source=unknown"}
{"logTime": "0930/192132", "level": "INFO", "message": "Preference changed: name=schedule_to_flush_to_disk, new_value=\"13435269692748106\", source=unknown"}
{"logTime": "0930/192132", "level": "INFO", "message": "Preference changed: name=schedule_to_flush_to_disk, new_value=\"13435269692748672\", source=unknown"}
{"logTime": "0930/192132", "level": "INFO", "message": "Preference changed: name=edge.services.signin_scoped_device_id, new_value=\"22421690-203a-4d2b-a3c7-95e60bd72e39\", source=unknown"}
{"logTime": "0930/192132", "level": "INFO", "message": "Preference changed: name=optimization_guide.previously_registered_optimization_types, new_value=[object], source=unknown"}
{"logTime": "0930/192132", "level": "INFO", "message": "Preference changed: name=extensions.chrome_url_overrides, new_value=[object], source=unknown"}
{"logTime": "0930/192132", "level": "INFO", "message": "Preference changed: name=autofill.credit_card_enabled, new_value=false, source=unknown"}
{"logTime": "0930/192132", "level": "INFO", "message": "Preference changed: name=enable_edge_collections, new_value=false, source=unknown"}
{"logTime": "0930/192132", "level": "INFO", "message": "Preference changed: name=resolve_navigation_errors_use_web_service.enabled, new_value=false, source=unknown"}
{"logTime": "0930/192132", "level": "INFO", "message": "Preference changed: name=alternate_error_pages.enabled, new_value=false, source=unknown"}
{"logTime": "0930/192132", "level": "INFO", "message": "Preference changed: name=optimization_guide.previously_registered_optimization_types, new_value=[object], source=unknown"}
{"logTime": "0930/192132", "level": "INFO", "message": "Preference changed: name=in_product_help.session_last_active_time, new_value=\"13435269692780115\", source=unknown"}
{"logTime": "0930/192132", "level": "INFO", "message": "Preference changed: name=optimization_guide.previously_registered_optimization_types, new_value=[object], source=unknown"}
{"logTime": "0930/192132", "level": "INFO", "message": "Preference changed: name=profile.content_settings.exceptions.storage_access_header_origin_trial, new_value=[object], source=unknown"}
{"logTime": "0930/192132", "level": "INFO", "message": "Preference changed: name=edge_rewards.coachmark_promotions, new_value=[object], source=unknown"}
{"logTime": "0930/192132", "level": "INFO", "message": "Preference changed: name=edge_rewards.hva_promotions, new_value=[object], source=unknown"}
{"logTime": "0930/192142", "level": "INFO", "message": "PrefStore write completed: store=4, success=true"}
{"logTime": "0930/192142", "level": "INFO", "message": "PrefStore write completed: store=4, success=true"}
{"logTime": "0930/192255", "level": "INFO", "message": "Preference changed: name=profile.content_settings.exceptions.site_engagement, new_value=[object], source=unknown"}
{"logTime": "0930/192255", "level": "INFO", "message": "Preference changed: name=profile.last_engagement_time, new_value=\"13435240975867386\", source=unknown"}
{"logTime": "0930/192258", "level": "INFO", "message": "Preference changed: name=sessions.event_log, new_value=[object], source=unknown"}
{"logTime": "0930/192308", "level": "INFO", "message": "PrefStore write completed: store=4, success=true"}
{"logTime": "0930/192654", "level": "INFO", "message": "Preference changed: name=sessions.session_data_status, new_value=2, source=unknown"}
{"logTime": "0930/192654", "level": "INFO", "message": "Preference changed: name=sessions.session_data_status, new_value=3, source=unknown"}
{"logTime": "0930/192657", "level": "INFO", "message": "UserPrefStore loaded: error=NONE (0)"}
{"logTime": "0930/192657", "level": "INFO", "message": "Preference changed: name=optimization_guide.previously_registered_optimization_types, new_value=[object], source=unknown"}
{"logTime": "0930/192657", "level": "INFO", "message": "Preference changed: name=extensions.chrome_url_overrides, new_value=[object], source=unknown"}
{"logTime": "0930/192657", "level": "INFO", "message": "Preference changed: name=sessions.session_data_status, new_value=1, source=unknown"}
{"logTime": "0930/192657", "level": "INFO", "message": "Preference changed: name=sessions.event_log, new_value=[object], source=unknown"}
{"logTime": "0930/192657", "level": "INFO", "message": "Preference changed: name=optimization_guide.previously_registered_optimization_types, new_value=[object], source=unknown"}
{"logTime": "0930/192657", "level": "INFO", "message": "Preference changed: name=optimization_guide.previously_registered_optimization_types, new_value=[object], source=unknown"}
{"logTime": "0930/192657", "level": "INFO", "message": "Preference changed: name=optimization_guide.previously_registered_optimization_types, new_value=[object], source=unknown"}
{"logTime": "0930/192657", "level": "INFO", "message": "Preference changed: name=optimization_guide.previously_registered_optimization_types, new_value=[object], source=unknown"}
{"logTime": "0930/192657", "level": "INFO", "message": "Preference changed: name=optimization_guide.previously_registered_optimization_types, new_value=[object], source=unknown"}
{"logTime": "0930/192657", "level": "INFO", "message": "Preference changed: name=profile.network_pbs, new_value=[object], source=unknown"}
{"logTime": "0930/192657", "level": "INFO", "message": "Preference changed: name=profile.password_hash_data_list, new_value=[object], source=unknown"}
{"logTime": "0930/192657", "level": "INFO", "message": "Preference changed: name=schedule_to_flush_to_disk, new_value=\"13435270017381334\", source=unknown"}
{"logTime": "0930/192657", "level": "INFO", "message": "Preference changed: name=schedule_to_flush_to_disk, new_value=\"13435270017381860\", source=unknown"}
{"logTime": "0930/192657", "level": "INFO", "message": "Preference changed: name=edge.services.signin_scoped_device_id, new_value=\"b9ce4343-66cf-4be6-9492-716b1f09b81f\", source=unknown"}
{"logTime": "0930/192657", "level": "INFO", "message": "Preference changed: name=optimization_guide.previously_registered_optimization_types, new_value=[object], source=unknown"}
{"logTime": "0930/192657", "level": "INFO", "message": "Preference changed: name=extensions.chrome_url_overrides, new_value=[object], source=unknown"}
{"logTime": "0930/192657", "level": "INFO", "message": "Preference changed: name=autofill.credit_card_enabled, new_value=false, source=unknown"}
{"logTime": "0930/192657", "level": "INFO", "message": "Preference changed: name=enable_edge_collections, new_value=false, source=unknown"}
{"logTime": "0930/192657", "level": "INFO", "message": "Preference changed: name=resolve_navigation_errors_use_web_service.enabled, new_value=false, source=unknown"}
{"logTime": "0930/192657", "level": "INFO", "message": "Preference changed: name=alternate_error_pages.enabled, new_value=false, source=unknown"}
{"logTime": "0930/192657", "level": "INFO", "message": "Preference changed: name=optimization_guide.previously_registered_optimization_types, new_value=[object], source=unknown"}
{"logTime": "0930/192657", "level": "INFO", "message": "Preference changed: name=in_product_help.session_last_active_time, new_value=\"13435270017419849\", source=unknown"}
{"logTime": "0930/192657", "level": "INFO", "message": "Preference changed: name=optimization_guide.previously_registered_optimization_types, new_value=[object], source=unknown"}
{"logTime": "0930/192657", "level": "INFO", "message": "Preference changed: name=profile.content_settings.exceptions.storage_access_header_origin_trial, new_value=[object], source=unknown"}
{"logTime": "0930/192657", "level": "INFO", "message": "Preference changed: name=edge_rewards.coachmark_promotions, new_value=[object], source=unknown"}
{"logTime": "0930/192657", "level": "INFO", "message": "Preference changed: name=edge_rewards.hva_promotions, new_value=[object], source=unknown"}
{"logTime": "0930/192707", "level": "INFO", "message": "PrefStore write completed: store=4, success=true"}
{"logTime": "0930/192707", "level": "INFO", "message": "PrefStore write completed: store=4, success=true"}
{"logTime": "0930/192854", "level": "INFO", "message": "Preference changed: name=sessions.event_log, new_value=[object], source=unknown"}
{"logTime": "0930/192904", "level": "INFO", "message": "PrefStore write completed: store=4, success=true"}
{"logTime": "0930/192946", "level": "INFO", "message": "Preference changed: name=sessions.session_data_status, new_value=2, source=unknown"}
{"logTime": "0930/192946", "level": "INFO", "message": "Preference changed: name=sessions.session_data_status, new_value=3, source=unknown"}
{"logTime": "0930/193422", "level": "INFO", "message": "UserPrefStore loaded: error=NONE (0)"}
{"logTime": "0930/193422", "level": "INFO", "message": "Preference changed: name=optimization_guide.previously_registered_optimization_types, new_value=[object], source=unknown"}
{"logTime": "0930/193422", "level": "INFO", "message": "Preference changed: name=extensions.chrome_url_overrides, new_value=[object], source=unknown"}
{"logTime": "0930/193422", "level": "INFO", "message": "Preference changed: name=sessions.session_data_status, new_value=1, source=unknown"}
{"logTime": "0930/193422", "level": "INFO", "message": "Preference changed: name=sessions.event_log, new_value=[object], source=unknown"}
{"logTime": "0930/193422", "level": "INFO", "message": "Preference changed: name=optimization_guide.previously_registered_optimization_types, new_value=[object], source=unknown"}
{"logTime": "0930/193422", "level": "INFO", "message": "Preference changed: name=optimization_guide.previously_registered_optimization_types, new_value=[object], source=unknown"}
{"logTime": "0930/193422", "level": "INFO", "message": "Preference changed: name=optimization_guide.previously_registered_optimization_types, new_value=[object], source=unknown"}
{"logTime": "0930/193422", "level": "INFO", "message": "Preference changed: name=optimization_guide.previously_registered_optimization_types, new_value=[object], source=unknown"}
{"logTime": "0930/193422", "level": "INFO", "message": "Preference changed: name=optimization_guide.previously_registered_optimization_types, new_value=[object], source=unknown"}
{"logTime": "0930/193422", "level": "INFO", "message": "Preference changed: name=profile.network_pbs, new_value=[object], source=unknown"}
{"logTime": "0930/193422", "level": "INFO", "message": "Preference changed: name=profile.password_hash_data_list, new_value=[object], source=unknown"}
{"logTime": "0930/193422", "level": "INFO", "message": "Preference changed: name=schedule_to_flush_to_disk, new_value=\"13435270462285948\", source=unknown"}
{"logTime": "0930/193422", "level": "INFO", "message": "Preference changed: name=schedule_to_flush_to_disk, new_value=\"13435270462286508\", source=unknown"}
{"logTime": "0930/193422", "level": "INFO", "message": "Preference changed: name=edge.services.signin_scoped_device_id, new_value=\"40ed48fe-040b-486e-918a-0c2195bec93f\", source=unknown"}
{"logTime": "0930/193422", "level": "INFO", "message": "Preference changed: name=optimization_guide.previously_registered_optimization_types, new_value=[object], source=unknown"}
{"logTime": "0930/193422", "level": "INFO", "message": "Preference changed: name=extensions.chrome_url_overrides, new_value=[object], source=unknown"}
{"logTime": "0930/193422", "level": "INFO", "message": "Preference changed: name=autofill.credit_card_enabled, new_value=false, source=unknown"}
{"logTime": "0930/193422", "level": "INFO", "message": "Preference changed: name=enable_edge_collections, new_value=false, source=unknown"}
{"logTime": "0930/193422", "level": "INFO", "message": "Preference changed: name=resolve_navigation_errors_use_web_service.enabled, new_value=false, source=unknown"}
{"logTime": "0930/193422", "level": "INFO", "message": "Preference changed: name=alternate_error_pages.enabled, new_value=false, source=unknown"}
{"logTime": "0930/193422", "level": "INFO", "message": "Preference changed: name=optimization_guide.previously_registered_optimization_types, new_value=[object], source=unknown"}
{"logTime": "0930/193422", "level": "INFO", "message": "Preference changed: name=in_product_help.session_last_active_time, new_value=\"13435270462319844\", source=unknown"}
{"logTime": "0930/193422", "level": "INFO", "message": "Preference changed: name=optimization_guide.previously_registered_optimization_types, new_value=[object], source=unknown"}
{"logTime": "0930/193422", "level": "INFO", "message": "Preference changed: name=profile.content_settings.exceptions.storage_access_header_origin_trial, new_value=[object], source=unknown"}
{"logTime": "0930/193422", "level": "INFO", "message": "Preference changed: name=edge_rewards.coachmark_promotions, new_value=[object], source=unknown"}
{"logTime": "0930/193422", "level": "INFO", "message": "Preference changed: name=edge_rewards.hva_promotions, new_value=[object], source=unknown"}
{"logTime": "0930/193432", "level": "INFO", "message": "PrefStore write completed: store=4, success=true"}
{"logTime": "0930/193432", "level": "INFO", "message": "PrefStore write completed: store=4, success=true"}
{"logTime": "0930/193448", "level": "INFO", "message": "Preference changed: name=sessions.event_log, new_value=[object], source=unknown"}
{"logTime": "0930/193458", "level": "INFO", "message": "PrefStore write completed: store=4, success=true"}
{"logTime": "0930/193841", "level": "INFO", "message": "Preference changed: name=language_dwell_time_average, new_value=[object], source=unknown"}
{"logTime": "0930/193841", "level": "INFO", "message": "Preference changed: name=language_usage_count, new_value=[object], source=unknown"}
{"logTime": "0930/193841", "level": "INFO", "message": "Preference changed: name=language_model_counters, new_value=[object], source=unknown"}
{"logTime": "0930/193851", "level": "INFO", "message": "PrefStore write completed: store=4, success=true"}
{"logTime": "0930/193912", "level": "INFO", "message": "Preference changed: name=language_model_counters, new_value=[object], source=unknown"}
{"logTime": "0930/194051", "level": "INFO", "message": "Preference changed: name=language_model_counters, new_value=[object], source=unknown"}
{"logTime": "0930/194528", "level": "INFO", "message": "Preference changed: name=language_dwell_time_average, new_value=[object], source=unknown"}
{"logTime": "0930/194528", "level": "INFO", "message": "Preference changed: name=language_usage_count, new_value=[object], source=unknown"}
{"logTime": "0930/194528", "level": "INFO", "message": "Preference changed: name=language_model_counters, new_value=[object], source=unknown"}
{"logTime": "0930/194538", "level": "INFO", "message": "PrefStore write completed: store=4, success=true"}
{"logTime": "0930/194628", "level": "INFO", "message": "Preference changed: name=language_model_counters, new_value=[object], source=unknown"}
{"logTime": "0930/195252", "level": "INFO", "message": "Preference changed: name=language_dwell_time_average, new_value=[object], source=unknown"}
{"logTime": "0930/195252", "level": "INFO", "message": "Preference changed: name=language_usage_count, new_value=[object], source=unknown"}
{"logTime": "0930/195252", "level": "INFO", "message": "Preference changed: name=language_model_counters, new_value=[object], source=unknown"}
{"logTime": "0930/195302", "level": "INFO", "message": "PrefStore write completed: store=4, success=true"}
{"logTime": "0930/195859", "level": "INFO", "message": "Preference changed: name=sessions.session_data_status, new_value=2, source=unknown"}
{"logTime": "0930/195859", "level": "INFO", "message": "Preference changed: name=sessions.session_data_status, new_value=3, source=unknown"}
{"logTime": "1001/234304", "level": "INFO", "message": "UserPrefStore loaded: error=NONE (0)"}
{"logTime": "1001/234304", "level": "INFO", "message": "Preference changed: name=extensions.last_chrome_version, new_value=\"154.0.4258.48\", source=unknown"}
{"logTime": "1001/234304", "level": "INFO", "message": "Preference changed: name=gaia_cookie.periodic_report_time_2, new_value=\"13435371784385901\", source=unknown"}
{"logTime": "1001/234304", "level": "INFO", "message": "Preference changed: name=optimization_guide.previously_registered_optimization_types, new_value=[object], source=unknown"}
{"logTime": "1001/234304", "level": "INFO", "message": "Preference changed: name=extensions.chrome_url_overrides, new_value=[object], source=unknown"}
{"logTime": "1001/234304", "level": "INFO", "message": "Preference changed: name=sessions.session_data_status, new_value=1, source=unknown"}
{"logTime": "1001/234304", "level": "INFO", "message": "Preference changed: name=sessions.event_log, new_value=[object], source=unknown"}
{"logTime": "1001/234304", "level": "INFO", "message": "Preference changed: name=optimization_guide.previously_registered_optimization_types, new_value=[object], source=unknown"}
{"logTime": "1001/234304", "level": "INFO", "message": "Preference changed: name=optimization_guide.previously_registered_optimization_types, new_value=[object], source=unknown"}
{"logTime": "1001/234304", "level": "INFO", "message": "Preference changed: name=optimization_guide.previously_registered_optimization_types, new_value=[object], source=unknown"}
{"logTime": "1001/234304", "level": "INFO", "message": "Preference changed: name=optimization_guide.previously_registered_optimization_types, new_value=[object], source=unknown"}
{"logTime": "1001/234304", "level": "INFO", "message": "Preference changed: name=optimization_guide.previously_registered_optimization_types, new_value=[object], source=unknown"}
{"logTime": "1001/234304", "level": "INFO", "message": "Preference changed: name=profile.network_pbs, new_value=[object], source=unknown"}
{"logTime": "1001/234304", "level": "INFO", "message": "Preference changed: name=extensions.settings, new_value=[object], source=unknown"}
{"logTime": "1001/234304", "level": "INFO", "message": "Preference changed: name=extensions.settings, new_value=[object], source=unknown"}
{"logTime": "1001/234304", "level": "INFO", "message": "Preference changed: name=profile.password_hash_data_list, new_value=[object], source=unknown"}
{"logTime": "1001/234304", "level": "INFO", "message": "Preference changed: name=schedule_to_flush_to_disk, new_value=\"13435371784407681\", source=unknown"}
{"logTime": "1001/234304", "level": "INFO", "message": "Preference changed: name=schedule_to_flush_to_disk, new_value=\"13435371784408143\", source=unknown"}
{"logTime": "1001/234304", "level": "INFO", "message": "Preference changed: name=muid.last_sync, new_value=\"13435371784408216\", source=unknown"}
{"logTime": "1001/234304", "level": "INFO", "message": "Preference changed: name=bookmark.storage_computation_last_update, new_value=\"13435371784408342\", source=unknown"}
{"logTime": "1001/234304", "level": "INFO", "message": "Preference changed: name=edge.services.signin_scoped_device_id, new_value=\"f45d6db4-51a1-44a7-be35-b0fdbf857f7c\", source=unknown"}
{"logTime": "1001/234304", "level": "INFO", "message": "Preference changed: name=account_tracker_service_last_update, new_value=\"13435371784409448\", source=unknown"}
{"logTime": "1001/234304", "level": "INFO", "message": "Preference changed: name=commerce_daily_metrics_last_update_time, new_value=\"13435371784409909\", source=unknown"}
{"logTime": "1001/234304", "level": "INFO", "message": "Preference changed: name=optimization_guide.previously_registered_optimization_types, new_value=[object], source=unknown"}
{"logTime": "1001/234304", "level": "INFO", "message": "Preference changed: name=extensions.chrome_url_overrides, new_value=[object], source=unknown"}
{"logTime": "1001/234304", "level": "INFO", "message": "Preference changed: name=autofill.credit_card_enabled, new_value=false, source=unknown"}
{"logTime": "1001/234304", "level": "INFO", "message": "Preference changed: name=enable_edge_collections, new_value=false, source=unknown"}
{"logTime": "1001/234304", "level": "INFO", "message": "Preference changed: name=resolve_navigation_errors_use_web_service.enabled, new_value=false, source=unknown"}
{"logTime": "1001/234304", "level": "INFO", "message": "Preference changed: name=alternate_error_pages.enabled, new_value=false, source=unknown"}
{"logTime": "1001/234304", "level": "INFO", "message": "Preference changed: name=optimization_guide.previously_registered_optimization_types, new_value=[object], source=unknown"}
{"logTime": "1001/234304", "level": "INFO", "message": "Preference changed: name=in_product_help.session_start_time, new_value=\"13435371784449643\", source=unknown"}
{"logTime": "1001/234304", "level": "INFO", "message": "Preference changed: name=in_product_help.session_number, new_value=27, source=unknown"}
{"logTime": "1001/234304", "level": "INFO", "message": "Preference changed: name=in_product_help.session_last_active_time, new_value=\"13435371784449643\", source=unknown"}
{"logTime": "1001/234304", "level": "INFO", "message": "Preference changed: name=in_product_help.recent_session_start_times, new_value=[object], source=unknown"}
{"logTime": "1001/234304", "level": "INFO", "message": "Preference changed: name=optimization_guide.previously_registered_optimization_types, new_value=[object], source=unknown"}
{"logTime": "1001/234304", "level": "INFO", "message": "Preference changed: name=profile.content_settings.exceptions.storage_access_header_origin_trial, new_value=[object], source=unknown"}
{"logTime": "1001/234304", "level": "INFO", "message": "Preference changed: name=sessions.session_data_status, new_value=2, source=unknown"}
{"logTime": "1001/234304", "level": "INFO", "message": "Preference changed: name=sessions.session_data_status, new_value=3, source=unknown"}
{"logTime": "1001/234304", "level": "INFO", "message": "Preference changed: name=sessions.session_data_status, new_value=1, source=unknown"}
{"logTime": "1001/234304", "level": "INFO", "message": "Preference changed: name=sessions.event_log, new_value=[object], source=unknown"}
{"logTime": "1001/234304", "level": "INFO", "message": "Preference changed: name=profile.content_settings.exceptions.site_engagement, new_value=[object], source=unknown"}
{"logTime": "1001/234304", "level": "INFO", "message": "Preference changed: name=profile.last_engagement_time, new_value=\"13435342984526202\", source=unknown"}
{"logTime": "1001/234304", "level": "INFO", "message": "Preference changed: name=edge_rewards.coachmark_promotions, new_value=[object], source=unknown"}
{"logTime": "1001/234304", "level": "INFO", "message": "Preference changed: name=edge_rewards.hva_promotions, new_value=[object], source=unknown"}
{"logTime": "1001/234314", "level": "INFO", "message": "PrefStore write completed: store=4, success=true"}
{"logTime": "1001/234314", "level": "INFO", "message": "PrefStore write completed: store=4, success=true"}
{"logTime": "1001/234314", "level": "INFO", "message": "Preference changed: name=edge.bookmarks.last_dup_info_record_time, new_value=\"13435371794410006\", source=unknown"}
{"logTime": "1001/234324", "level": "INFO", "message": "PrefStore write completed: store=4, success=true"}
{"logTime": "1001/234334", "level": "INFO", "message": "Preference changed: name=profile.last_time_password_store_metrics_reported, new_value=1790898214.387144, source=unknown"}
{"logTime": "1001/234334", "level": "INFO", "message": "Preference changed: name=edge_wallet.passwords.password_lost_report_date, new_value=\"13435371814387442\", source=unknown"}
{"logTime": "1001/234344", "level": "INFO", "message": "PrefStore write completed: store=4, success=true"}
{"logTime": "1001/234508", "level": "INFO", "message": "Preference changed: name=sessions.session_data_status, new_value=2, source=unknown"}
{"logTime": "1001/234508", "level": "INFO", "message": "Preference changed: name=sessions.session_data_status, new_value=3, source=unknown"}
{"logTime": "1001/234555", "level": "INFO", "message": "UserPrefStore loaded: error=NONE (0)"}
{"logTime": "1001/234555", "level": "INFO", "message": "Preference changed: name=optimization_guide.previously_registered_optimization_types, new_value=[object], source=unknown"}
{"logTime": "1001/234555", "level": "INFO", "message": "Preference changed: name=extensions.chrome_url_overrides, new_value=[object], source=unknown"}
{"logTime": "1001/234555", "level": "INFO", "message": "Preference changed: name=sessions.session_data_status, new_value=1, source=unknown"}
{"logTime": "1001/234555", "level": "INFO", "message": "Preference changed: name=sessions.event_log, new_value=[object], source=unknown"}
{"logTime": "1001/234555", "level": "INFO", "message": "Preference changed: name=optimization_guide.previously_registered_optimization_types, new_value=[object], source=unknown"}
{"logTime": "1001/234555", "level": "INFO", "message": "Preference changed: name=optimization_guide.previously_registered_optimization_types, new_value=[object], source=unknown"}
{"logTime": "1001/234555", "level": "INFO", "message": "Preference changed: name=optimization_guide.previously_registered_optimization_types, new_value=[object], source=unknown"}
{"logTime": "1001/234555", "level": "INFO", "message": "Preference changed: name=optimization_guide.previously_registered_optimization_types, new_value=[object], source=unknown"}
{"logTime": "1001/234555", "level": "INFO", "message": "Preference changed: name=optimization_guide.previously_registered_optimization_types, new_value=[object], source=unknown"}
{"logTime": "1001/234555", "level": "INFO", "message": "Preference changed: name=profile.network_pbs, new_value=[object], source=unknown"}
{"logTime": "1001/234555", "level": "INFO", "message": "Preference changed: name=profile.password_hash_data_list, new_value=[object], source=unknown"}
{"logTime": "1001/234555", "level": "INFO", "message": "Preference changed: name=schedule_to_flush_to_disk, new_value=\"13435371955753938\", source=unknown"}
{"logTime": "1001/234555", "level": "INFO", "message": "Preference changed: name=schedule_to_flush_to_disk, new_value=\"13435371955754523\", source=unknown"}
{"logTime": "1001/234555", "level": "INFO", "message": "Preference changed: name=edge.services.signin_scoped_device_id, new_value=\"8787862c-5787-4ebb-ba55-044cdb14af62\", source=unknown"}
{"logTime": "1001/234555", "level": "INFO", "message": "Preference changed: name=optimization_guide.previously_registered_optimization_types, new_value=[object], source=unknown"}
{"logTime": "1001/234555", "level": "INFO", "message": "Preference changed: name=extensions.chrome_url_overrides, new_value=[object], source=unknown"}
{"logTime": "1001/234555", "level": "INFO", "message": "Preference changed: name=autofill.credit_card_enabled, new_value=false, source=unknown"}
{"logTime": "1001/234555", "level": "INFO", "message": "Preference changed: name=enable_edge_collections, new_value=false, source=unknown"}
{"logTime": "1001/234555", "level": "INFO", "message": "Preference changed: name=resolve_navigation_errors_use_web_service.enabled, new_value=false, source=unknown"}
{"logTime": "1001/234555", "level": "INFO", "message": "Preference changed: name=alternate_error_pages.enabled, new_value=false, source=unknown"}
{"logTime": "1001/234555", "level": "INFO", "message": "Preference changed: name=optimization_guide.previously_registered_optimization_types, new_value=[object], source=unknown"}
{"logTime": "1001/234555", "level": "INFO", "message": "Preference changed: name=in_product_help.session_last_active_time, new_value=\"13435371955801319\", source=unknown"}
{"logTime": "1001/234555", "level": "INFO", "message": "Preference changed: name=optimization_guide.previously_registered_optimization_types, new_value=[object], source=unknown"}
{"logTime": "1001/234555", "level": "INFO", "message": "Preference changed: name=profile.content_settings.exceptions.storage_access_header_origin_trial, new_value=[object], source=unknown"}
{"logTime": "1001/234555", "level": "INFO", "message": "Preference changed: name=sessions.session_data_status, new_value=2, source=unknown"}
{"logTime": "1001/234555", "level": "INFO", "message": "Preference changed: name=sessions.session_data_status, new_value=3, source=unknown"}
{"logTime": "1001/234555", "level": "INFO", "message": "Preference changed: name=sessions.event_log, new_value=[object], source=unknown"}
{"logTime": "1001/234740", "level": "INFO", "message": "UserPrefStore loaded: error=NONE (0)"}
{"logTime": "1001/234740", "level": "INFO", "message": "Preference changed: name=optimization_guide.previously_registered_optimization_types, new_value=[object], source=unknown"}
{"logTime": "1001/234740", "level": "INFO", "message": "Preference changed: name=extensions.chrome_url_overrides, new_value=[object], source=unknown"}
{"logTime": "1001/234740", "level": "INFO", "message": "Preference changed: name=sessions.session_data_status, new_value=1, source=unknown"}
{"logTime": "1001/234740", "level": "INFO", "message": "Preference changed: name=sessions.event_log, new_value=[object], source=unknown"}
{"logTime": "1001/234740", "level": "INFO", "message": "Preference changed: name=optimization_guide.previously_registered_optimization_types, new_value=[object], source=unknown"}
{"logTime": "1001/234740", "level": "INFO", "message": "Preference changed: name=optimization_guide.previously_registered_optimization_types, new_value=[object], source=unknown"}
{"logTime": "1001/234740", "level": "INFO", "message": "Preference changed: name=optimization_guide.previously_registered_optimization_types, new_value=[object], source=unknown"}
{"logTime": "1001/234740", "level": "INFO", "message": "Preference changed: name=optimization_guide.previously_registered_optimization_types, new_value=[object], source=unknown"}
{"logTime": "1001/234740", "level": "INFO", "message": "Preference changed: name=optimization_guide.previously_registered_optimization_types, new_value=[object], source=unknown"}
{"logTime": "1001/234740", "level": "INFO", "message": "Preference changed: name=profile.network_pbs, new_value=[object], source=unknown"}
{"logTime": "1001/234740", "level": "INFO", "message": "Preference changed: name=profile.password_hash_data_list, new_value=[object], source=unknown"}
{"logTime": "1001/234740", "level": "INFO", "message": "Preference changed: name=schedule_to_flush_to_disk, new_value=\"13435372060720167\", source=unknown"}
{"logTime": "1001/234740", "level": "INFO", "message": "Preference changed: name=schedule_to_flush_to_disk, new_value=\"13435372060720789\", source=unknown"}
{"logTime": "1001/234740", "level": "INFO", "message": "Preference changed: name=edge.services.signin_scoped_device_id, new_value=\"a7516dfd-9830-4c07-90a4-8f1d789e7927\", source=unknown"}
{"logTime": "1001/234740", "level": "INFO", "message": "Preference changed: name=optimization_guide.previously_registered_optimization_types, new_value=[object], source=unknown"}
{"logTime": "1001/234740", "level": "INFO", "message": "Preference changed: name=extensions.chrome_url_overrides, new_value=[object], source=unknown"}
{"logTime": "1001/234740", "level": "INFO", "message": "Preference changed: name=autofill.credit_card_enabled, new_value=false, source=unknown"}
{"logTime": "1001/234740", "level": "INFO", "message": "Preference changed: name=enable_edge_collections, new_value=false, source=unknown"}
{"logTime": "1001/234740", "level": "INFO", "message": "Preference changed: name=resolve_navigation_errors_use_web_service.enabled, new_value=false, source=unknown"}
{"logTime": "1001/234740", "level": "INFO", "message": "Preference changed: name=alternate_error_pages.enabled, new_value=false, source=unknown"}
{"logTime": "1001/234740", "level": "INFO", "message": "Preference changed: name=optimization_guide.previously_registered_optimization_types, new_value=[object], source=unknown"}
{"logTime": "1001/234740", "level": "INFO", "message": "Preference changed: name=in_product_help.session_last_active_time, new_value=\"13435372060756651\", source=unknown"}
{"logTime": "1001/234740", "level": "INFO", "message": "Preference changed: name=optimization_guide.previously_registered_optimization_types, new_value=[object], source=unknown"}
{"logTime": "1001/234740", "level": "INFO", "message": "Preference changed: name=profile.content_settings.exceptions.storage_access_header_origin_trial, new_value=[object], source=unknown"}
{"logTime": "1001/234740", "level": "INFO", "message": "Preference changed: name=edge_rewards.coachmark_promotions, new_value=[object], source=unknown"}
{"logTime": "1001/234740", "level": "INFO", "message": "Preference changed: name=edge_rewards.hva_promotions, new_value=[object], source=unknown"}
{"logTime": "1001/234750", "level": "INFO", "message": "PrefStore write completed: store=4, success=true"}
{"logTime": "1001/234750", "level": "INFO", "message": "PrefStore write completed: store=4, success=true"}
{"logTime": "1001/234806", "level": "INFO", "message": "Preference changed: name=sessions.session_data_status, new_value=2, source=unknown"}
{"logTime": "1001/234806", "level": "INFO", "message": "Preference changed: name=sessions.session_data_status, new_value=3, source=unknown"}
{"logTime": "1001/234806", "level": "INFO", "message": "Preference changed: name=sessions.event_log, new_value=[object], source=unknown"}
{"logTime": "1001/235049", "level": "INFO", "message": "UserPrefStore loaded: error=NONE (0)"}
{"logTime": "1001/235049", "level": "INFO", "message": "Preference changed: name=optimization_guide.previously_registered_optimization_types, new_value=[object], source=unknown"}
{"logTime": "1001/235049", "level": "INFO", "message": "Preference changed: name=extensions.chrome_url_overrides, new_value=[object], source=unknown"}
{"logTime": "1001/235049", "level": "INFO", "message": "Preference changed: name=sessions.session_data_status, new_value=1, source=unknown"}
{"logTime": "1001/235049", "level": "INFO", "message": "Preference changed: name=sessions.event_log, new_value=[object], source=unknown"}
{"logTime": "1001/235049", "level": "INFO", "message": "Preference changed: name=optimization_guide.previously_registered_optimization_types, new_value=[object], source=unknown"}
{"logTime": "1001/235049", "level": "INFO", "message": "Preference changed: name=optimization_guide.previously_registered_optimization_types, new_value=[object], source=unknown"}
{"logTime": "1001/235049", "level": "INFO", "message": "Preference changed: name=optimization_guide.previously_registered_optimization_types, new_value=[object], source=unknown"}
{"logTime": "1001/235049", "level": "INFO", "message": "Preference changed: name=optimization_guide.previously_registered_optimization_types, new_value=[object], source=unknown"}
{"logTime": "1001/235049", "level": "INFO", "message": "Preference changed: name=optimization_guide.previously_registered_optimization_types, new_value=[object], source=unknown"}
{"logTime": "1001/235049", "level": "INFO", "message": "Preference changed: name=profile.network_pbs, new_value=[object], source=unknown"}
{"logTime": "1001/235049", "level": "INFO", "message": "Preference changed: name=profile.password_hash_data_list, new_value=[object], source=unknown"}
{"logTime": "1001/235049", "level": "INFO", "message": "Preference changed: name=schedule_to_flush_to_disk, new_value=\"13435372249184245\", source=unknown"}
{"logTime": "1001/235049", "level": "INFO", "message": "Preference changed: name=schedule_to_flush_to_disk, new_value=\"13435372249185047\", source=unknown"}
{"logTime": "1001/235049", "level": "INFO", "message": "Preference changed: name=edge.services.signin_scoped_device_id, new_value=\"ed864cfe-7b6c-4142-87bf-c0f2ee8fcc8f\", source=unknown"}
{"logTime": "1001/235049", "level": "INFO", "message": "Preference changed: name=optimization_guide.previously_registered_optimization_types, new_value=[object], source=unknown"}
{"logTime": "1001/235049", "level": "INFO", "message": "Preference changed: name=extensions.chrome_url_overrides, new_value=[object], source=unknown"}
{"logTime": "1001/235049", "level": "INFO", "message": "Preference changed: name=autofill.credit_card_enabled, new_value=false, source=unknown"}
{"logTime": "1001/235049", "level": "INFO", "message": "Preference changed: name=enable_edge_collections, new_value=false, source=unknown"}
{"logTime": "1001/235049", "level": "INFO", "message": "Preference changed: name=resolve_navigation_errors_use_web_service.enabled, new_value=false, source=unknown"}
{"logTime": "1001/235049", "level": "INFO", "message": "Preference changed: name=alternate_error_pages.enabled, new_value=false, source=unknown"}
{"logTime": "1001/235049", "level": "INFO", "message": "Preference changed: name=optimization_guide.previously_registered_optimization_types, new_value=[object], source=unknown"}
{"logTime": "1001/235049", "level": "INFO", "message": "Preference changed: name=in_product_help.session_last_active_time, new_value=\"13435372249227057\", source=unknown"}
{"logTime": "1001/235049", "level": "INFO", "message": "Preference changed: name=optimization_guide.previously_registered_optimization_types, new_value=[object], source=unknown"}
{"logTime": "1001/235049", "level": "INFO", "message": "Preference changed: name=profile.content_settings.exceptions.storage_access_header_origin_trial, new_value=[object], source=unknown"}
{"logTime": "1001/235049", "level": "INFO", "message": "Preference changed: name=edge_rewards.coachmark_promotions, new_value=[object], source=unknown"}
{"logTime": "1001/235049", "level": "INFO", "message": "Preference changed: name=edge_rewards.hva_promotions, new_value=[object], source=unknown"}
{"logTime": "1001/235059", "level": "INFO", "message": "PrefStore write completed: store=4, success=true"}
{"logTime": "1001/235059", "level": "INFO", "message": "PrefStore write completed: store=4, success=true"}
{"logTime": "1001/235733", "level": "INFO", "message": "Preference changed: name=language_dwell_time_average, new_value=[object], source=unknown"}
{"logTime": "1001/235733", "level": "INFO", "message": "Preference changed: name=language_usage_count, new_value=[object], source=unknown"}
{"logTime": "1001/235733", "level": "INFO", "message": "Preference changed: name=language_model_counters, new_value=[object], source=unknown"}
{"logTime": "1001/235743", "level": "INFO", "message": "PrefStore write completed: store=4, success=true"}
{"logTime": "1002/000831", "level": "INFO", "message": "Preference changed: name=sessions.event_log, new_value=[object], source=unknown"}
{"logTime": "1002/000841", "level": "INFO", "message": "PrefStore write completed: store=4, success=true"}
{"logTime": "1002/000852", "level": "INFO", "message": "Preference changed: name=sessions.session_data_status, new_value=2, source=unknown"}
{"logTime": "1002/000852", "level": "INFO", "message": "Preference changed: name=sessions.session_data_status, new_value=3, source=unknown"}
